CONCESIONARIO|IDLOCALID|DIRECCION|FECVIGDES|CODIGOINTE|IDFRECUE|FRECUENCIA|EXTENSION|OBSERVACION|LONGITUD|LATITUD
Ciudad Límpia (ASE03)|8|CALLE 42 SUR CON CARRERA 72K|2025-12-01 00:00:00|PC08002|11|Viernes|0.00000000000||-74.15018999999995|4.606172000000072
Ciudad Límpia (ASE03)|8|AV. CIUDAD DE CALI CON CALLE 15A|2025-12-01 00:00:00|PC08003|2|Martes - Jueves - Sabado|0.00000000000||-74.13861899999995|4.656549000000041
Ciudad Límpia (ASE03)|8|CALLE 38 SUR ENTRE CARRERAS 86 A LA 89|2025-12-01 00:00:00|PC08004|10|Jueves|0.00000000000||-74.16691399999996|4.639724000000058
Ciudad Límpia (ASE03)|8|CALLE 55 SUR CON CARRERA 80A A LA CARRERA 80G|2025-12-01 00:00:00|PC08005|1|Lunes - Miercoles - Viernes|0.00000000000||-74.17510399999998|4.614885000000072
Ciudad Límpia (ASE03)|8|CARRERA 77H CON CALLE 49 SUR|2025-12-01 00:00:00|PC08006|2|Martes - Jueves - Sabado|0.00000000000||-74.16613799999999|4.605319000000065
Ciudad Límpia (ASE03)|8|CARRERA 68A CON CALLE 2|2025-12-01 00:00:00|PC08007|2|Martes - Jueves - Sabado|0.00000000000||-74.12643299999996|4.622268000000076
Ciudad Límpia (ASE03)|8|DIAGONAL 38 SUR ENTRE CARRERAS 80 Y 86|2025-12-01 00:00:00|PC08008|6|Lunes a Sabado|0.00000000000||-74.16296399999999|4.634555000000034
Ciudad Límpia (ASE03)|8|CALLE 12 CON AV. CIUDAD DE CALI HASTA CARRERA 82A|2025-12-01 00:00:00|PC08009|19|Jueves - Sábado|0.00000000000||-74.14127299999996|4.65215100000006
Ciudad Límpia (ASE03)|8|CARRERA 78 CON CALLE 6H|2025-12-01 00:00:00|PC08010|14|Miercoles - Viernes|0.00000000000||-74.14499199999995|4.634753000000046
Ciudad Límpia (ASE03)|8|AV. CIUDAD DE CALI CON CALLE 2|2025-12-01 00:00:00|PC08011|2|Martes - Jueves - Sabado|0.00000000000||-74.15824299999997|4.639226000000065
Ciudad Límpia (ASE03)|8|CARRERA 72I CON CALLE 40 SUR|2025-12-01 00:00:00|PC08012|1|Lunes - Miercoles - Viernes|0.00000000000||-74.14661799999999|4.607708000000059
Ciudad Límpia (ASE03)|8|CARRERA 80 ENTRE CALLES 42 SUR A LA 45 SUR|2025-12-01 00:00:00|PC08013|2|Martes - Jueves - Sabado|0.00000000000||-74.16306699999996|4.622744000000068
Ciudad Límpia (ASE03)|8|CARRERA 82  ENTRE DIAGONAL 38 SUR A LA CALLE 40 BIS SUR|2025-12-01 00:00:00|PC08014|2|Martes - Jueves - Sabado|0.00000000000||-74.16377299999994|4.631394000000057
Ciudad Límpia (ASE03)|8|CARRERA 81A CON CALLE 56 SUR|2025-12-01 00:00:00|PC08015|1|Lunes - Miercoles - Viernes|0.00000000000||-74.17827899999997|4.6166690000000585
Ciudad Límpia (ASE03)|8|CALLE 38 SUR DE CARRERA  89  A CARRERA 101|2025-12-01 00:00:00|PC08018|10|Jueves|0.00000000000||-74.17562499999997|4.651491000000021
Ciudad Límpia (ASE03)|8|CALLE 39 SUR DE LA CARRERA 68A A LA CARRERA  68B|2025-12-01 00:00:00|PC08019|19|Jueves - Sábado|0.00000000000||-74.13667699999996|4.599409000000037
Ciudad Límpia (ASE03)|8|CALLE 5A SUR DE CARRERA 80 A CARRERA 81 Y CARRERA 81 DE CALLE 5A SUR A CALLE 1|2025-12-01 00:00:00|PC08020|15|Lunes a Domingo|0.00000000000||-74.15623299999999|4.635105000000067
Ciudad Límpia (ASE03)|8|AUTOPISTA SUR CON CARRERA 62B (COSTADO NORTE)|2025-12-01 00:00:00|PC08021|6|Lunes a Sabado|0.00000000000||-74.15118699999994|4.596607000000063
Ciudad Límpia (ASE03)|8|CALLE 51 A SUR DE CARRERA 77H A CARRERA 77K BIS|2025-12-01 00:00:00|PC08024|2|Martes - Jueves - Sabado|0.00000000000||-74.16751599999998|4.605275000000063
Ciudad Límpia (ASE03)|8|CARRERA 68A CON CALLE 38H BIS SUR|2025-12-01 00:00:00|PC08027|19|Jueves - Sábado|0.00000000000||-74.13625799999994|4.5998930000000655
Ciudad Límpia (ASE03)|8|CARRERA 89 ENTRE CALLE 2  Y CALLE 2A|2025-12-01 00:00:00|PC08029|19|Jueves - Sábado|0.00000000000||-74.16207699999995|4.643632000000025
Ciudad Límpia (ASE03)|8|CARRERA 72P CON CALLE 40H SUR|2025-12-01 00:00:00|PC08030|12|Sabado|0.00000000000||-74.15188399999994|4.61019600000003
Ciudad Límpia (ASE03)|8|CARRERA 77P BIS A CON CALLE 47B SUR|2025-12-01 00:00:00|PC08031|11|Viernes|0.00000000000||-74.16475399999996|4.607921000000033
Ciudad Límpia (ASE03)|8|CALLE 56 SUR ENTRE CARRERA 81F A CARRERA 81I|2025-12-01 00:00:00|PC08032|1|Lunes - Miercoles - Viernes|0.00000000000||-74.17915199999999|4.6173160000000735
Ciudad Límpia (ASE03)|8|AV. CIUDAD DE CALI DE CALLE 42B BIS SUR A CALLE 42F BIS - COSTADO ORIENTAL|2025-12-01 00:00:00|PC08033|2|Martes - Jueves - Sabado|0.00000000000||-74.16942499999993|4.629564000000073
Ciudad Límpia (ASE03)|8|CALLE 26 SUR ENTRE CARRERA 79A A LA CARRERA 79|2025-12-01 00:00:00|PC08034|9|Miercoles|0.00000000000||-74.15256299999999|4.6296630000000505
Ciudad Límpia (ASE03)|8|CALLE 58 BIS SUR ENTRE CARRERA 79B A CARRERA 79G|2025-12-01 00:00:00|PC08035|10|Jueves|0.00000000000||-74.17777599999994|4.610771000000057
Ciudad Límpia (ASE03)|8|CALLE 43 SUR ENTRE CARRERA 89C A LA CARRERA 101|2025-12-01 00:00:00|PC08036|10|Jueves|0.00000000000||-74.17510899999996|4.636683000000062
Ciudad Límpia (ASE03)|8|CARRERA 68 CON CALLE 3|2025-12-01 00:00:00|PC08037|2|Martes - Jueves - Sabado|0.00000000000||-74.12474699999996|4.624306000000047
Ciudad Límpia (ASE03)|8|AV PRIMERO DE MAYO CON CARRERA 68C|2025-12-01 00:00:00|PC08038|12|Sabado|0.00000000000||-74.13049099999995|4.60996700000004
Ciudad Límpia (ASE03)|8|AV BOYACÃ ENTRE CALLE  40 SUR A TV 72D SEPARADOR VIAL|2025-12-01 00:00:00|PC08042|15|Lunes a Domingo|0.00000000000||-74.14298399999996|4.604690000000062
Ciudad Límpia (ASE03)|8|CARRERA 72J ENTRE CALLE 46 SUR A CALLE 48 SUR|2025-12-01 00:00:00|PC08044|2|Martes - Jueves - Sabado|0.00000000000||-74.15127999999999|4.602604000000042
Ciudad Límpia (ASE03)|8|CARRERA 77V BIS A CON CALLE 53 SUR|2025-12-01 00:00:00|PC08046|2|Martes - Jueves - Sabado|0.00000000000||-74.16895599999998|4.609768000000031
Ciudad Límpia (ASE03)|8|CARRERA 78P DESDE AV. PRIMERO DE MAYO A CALLE 57 SUR|2025-12-01 00:00:00|PC08047|2|Martes - Jueves - Sabado|0.00000000000||-74.17430899999994|4.610766000000069
Ciudad Límpia (ASE03)|8|CARRERA 101 CON CALLE 41 SUR|2025-12-01 00:00:00|PC08049|1|Lunes - Miercoles - Viernes|0.00000000000||-74.17778799999996|4.649918000000071
Ciudad Límpia (ASE03)|8|CALLE 6 ENTRE CARRERA 89 A CARRERA 93D COSTADO SUR|2025-12-01 00:00:00|PC08050|19|Jueves - Sábado|0.00000000000||-74.16421899999995|4.649343000000044
Ciudad Límpia (ASE03)|8|CALLE 42C SUR CARRERA 80G HASTA CARRERA 81C BIS|2025-12-01 00:00:00|PC08051|2|Martes - Jueves - Sabado|0.00000000000||-74.16525099999996|4.623613000000034
Ciudad Límpia (ASE03)|8|CARRERA 88 CON CALLE 6|2025-12-01 00:00:00|PC08053|19|Jueves - Sábado|0.00000000000||-74.15748899999994|4.6452860000000555
Ciudad Límpia (ASE03)|8|CARRERA 90 A CON CALLE 6 BIS|2025-12-01 00:00:00|PC08054|19|Jueves - Sábado|0.00000000000||-74.16135599999996|4.647361000000046
Ciudad Límpia (ASE03)|8|CARRERA 100 A CON CALLE 42F SUR|2025-12-01 00:00:00|PC08055|1|Lunes - Miercoles - Viernes|0.00000000000||-74.17966099999995|4.648595000000057
Ciudad Límpia (ASE03)|8|CARRERA 81C CON CALLE 54 SUR|2025-12-01 00:00:00|PC08058|9|Miercoles|0.00000000000||-74.17593399999998|4.618849000000068
Ciudad Límpia (ASE03)|8|AV VILLAVICENCIO CON CARRERA 81G COSTADO SUR|2025-12-01 00:00:00|PC08060|1|Lunes - Miercoles - Viernes|0.00000000000||-74.16920199999998|4.62518300000005
Ciudad Límpia (ASE03)|8|CARRERA 80 CON DIAGONAL 2 SEPARADOR VÃAL|2025-12-01 00:00:00|PC08061|6|Lunes a Sabado|0.00000000000||-74.15512299999995|4.632188000000042
Ciudad Límpia (ASE03)|8|CALLE 34A SUR ENTRE CARRERA 93B Y 90A|2025-12-01 00:00:00|PC08063|12|Sabado|0.00000000000||-74.16940599999998|4.6459200000000465
Ciudad Límpia (ASE03)|8|CALLE 38 SUR CON CARRERA 99A COSTADO NORTE|2025-12-01 00:00:00|PC08066|10|Jueves|0.00000000000||-74.17392499999994|4.650134000000037
Ciudad Límpia (ASE03)|8|CALLE 45 SUR ENTRE TRANSVERSAL 72 V BIS A LA CARRERA 73|2025-12-01 00:00:00|PC08068|14|Miercoles - Viernes|0.00000000000||-74.15793099999996|4.606047000000046
Ciudad Límpia (ASE03)|8|CALLE 49 SUR CON TRANSVERSAL 72D|2025-12-01 00:00:00|PC08069|19|Jueves - Sábado|0.00000000000||-74.14992899999999|4.597897000000046
Ciudad Límpia (ASE03)|8|CARRERA 99G  ENTRE CALLE 42G SUR A CALLE 42F SUR|2025-12-01 00:00:00|PC08070|9|Miercoles|0.00000000000||-74.18035799999996|4.648321000000067
Ciudad Límpia (ASE03)|8|CARRERA 91 CALLE 49 SUR A LA CALLE 43 SUR|2025-12-01 00:00:00|PC08073|14|Miercoles - Viernes|0.00000000000||-74.18063599999994|4.636196000000041
Ciudad Límpia (ASE03)|8|TRANSVERSAL 72D CON CALLE 43A SUR|2025-12-01 00:00:00|PC08075|2|Martes - Jueves - Sabado|0.00000000000||-74.14715499999994|4.602006000000074
Ciudad Límpia (ASE03)|8|TRANSVERSAL 72F CON AV. BOYACÃ COSTADO OCCIDENTAL|2025-12-01 00:00:00|PC08076|1|Lunes - Miercoles - Viernes|0.00000000000||-74.14426399999996|4.604240000000061
Ciudad Límpia (ASE03)|9|CALLE 20 CON CARRERA 103 A|2025-12-01 00:00:00|PC09004|1|Lunes - Miercoles - Viernes|0.00000000000||-74.14417299999997|4.6765250000000265
Ciudad Límpia (ASE03)|9|CALLE 14B DE CARRERA 123 A CARRERA 129|2025-12-01 00:00:00|PC09007|1|Lunes - Miercoles - Viernes|0.00000000000||-74.16666099999998|4.68211100000002
Ciudad Límpia (ASE03)|9|AV. FERROCARRIL ENTRE CARRERA 103 A LA CARRERA 109|2025-12-01 00:00:00|PC09008|2|Martes - Jueves - Sabado|0.00000000000||-74.14117299999998|4.676676000000043
Ciudad Límpia (ASE03)|9|AVENIDA FERROCARRIL ENTRE CALLE 134 Y 138A|2025-12-01 00:00:00|PC09011|1|Lunes - Miercoles - Viernes|0.00000000000||-74.16502499999996|4.696817000000067
Ciudad Límpia (ASE03)|9|CARRERA 120 ENTRE CALLES 22J Y 22L|2025-12-01 00:00:00|PC09012|1|Lunes - Miercoles - Viernes|0.00000000000||-74.15087699999998|4.691568000000075
Ciudad Límpia (ASE03)|9|AV. CALLE 17 CON CARRERA 137|2025-12-01 00:00:00|PC09014|8|Martes|0.00000000000||-74.16949407599998|4.694642893000037
Ciudad Límpia (ASE03)|9|CALLE 17 CON CARRERA 89 (COSTADO NORTE)|2025-12-01 00:00:00|PC09023|6|Lunes a Sabado|0.00000000000||-74.13863564499997|4.662906216000067
Ciudad Límpia (ASE03)|9|CARRERA 97 CON DIAGONAL 16C|2025-12-01 00:00:00|PC09025|10|Jueves|0.00000000000||-74.14670399999994|4.668239000000028
Ciudad Límpia (ASE03)|9|DIAGONAL 16 CON CARRERA 100 (COSTADO NORTE)|2025-12-01 00:00:00|PC09026|1|Lunes - Miercoles - Viernes|0.00000000000||-74.15124099999997|4.6691730000000575
Ciudad Límpia (ASE03)|9|CARRERA 124A ENTRE CALLE 22F Y 22G|2025-12-01 00:00:00|PC09031|1|Lunes - Miercoles - Viernes|0.00000000000||-74.15395099999995|4.693639000000076
Ciudad Límpia (ASE03)|9|TRANSVERSAL 95 ENTRE CALLE 24F Y CALLE 25D|2025-12-01 00:00:00|PC09034|1|Lunes - Miercoles - Viernes|0.00000000000||-74.12478899999996|4.677400000000034
Ciudad Límpia (ASE03)|9|AVENIDA CALLE 24 ENTRE CARRERA 107 A 129 (COSTADO SUR )|2025-12-01 00:00:00|PC09035|1|Lunes - Miercoles - Viernes|0.00000000000||-74.13977599999998|4.686014000000057
Ciudad Límpia (ASE03)|9|CALLE 17C ENTRE CARRERA 120 Y 123B|2025-12-01 00:00:00|PC09036|10|Jueves|0.00000000000||-74.15676399999995|4.686277000000075
Ciudad Límpia (ASE03)|9|CARRERA 106 CON CALLE 13D|2025-12-01 00:00:00|PC09038|10|Jueves|0.00000000000||-74.15992799999998|4.667080000000055
Ciudad Límpia (ASE03)|9|CARRERA 98A CON CALLE 15C|2025-12-01 00:00:00|PC09039|2|Martes - Jueves - Sabado|0.00000000000||-74.15118699999994|4.666255000000035
Ciudad Límpia (ASE03)|9|CALLE 21 ENTRE CARRERA 68C Y 68D|2025-12-01 00:00:00|PC09040|1|Lunes - Miercoles - Viernes|0.00000000000||-74.11092998299995|4.6450984730000755
Ciudad Límpia (ASE03)|9|AV. FERROCARRIL ENTRE CARRERA 111A LA CARRERA 114|2025-12-01 00:00:00|PC09041|1|Lunes - Miercoles - Viernes|0.00000000000||-74.14973399999997|4.685785000000067
Ciudad Límpia (ASE03)|9|CALLE 24 ENTRE CARRERAS 104B A 106 (COSTADO NORTE)|2025-12-01 00:00:00|PC09043|6|Lunes a Sabado|0.00000000000||-74.13907399999994|4.685502000000042
Ciudad Límpia (ASE03)|9|CARRERA 116 ENTRE CALLE 18 A CALLE 23C|2025-12-01 00:00:00|PC09044|2|Martes - Jueves - Sabado|0.00000000000||-74.15357099999994|4.684650000000033
Ciudad Límpia (ASE03)|8|TRANSVERSAL 68J BIS CON CALLE 37D SUR|2025-12-01 00:00:00|PC08078|9|Miercoles|0.00000000000||-74.13760731599996|4.606300744000066
Ciudad Límpia (ASE03)|9|AVENIDA BOYACA COSTADO ORIENTAL CON CALLE 22|2025-12-01 00:00:00|PC09060|14|Miercoles - Viernes|0.00000000000||-74.12066992099994|4.655438161000063
Ciudad Límpia (ASE03)|9|CALLE 26 CON BOYACA, PASO PEATONAL AL COSTADO SUR OCCIDENTAL DEL PU|2025-12-01 00:00:00|PC09046|9|Miercoles|0.00000000000||-74.11209910299993|4.666394319000062
Ciudad Límpia (ASE03)|9|TRANSVERSAL 84 A ENTRE CALLE 24 D Y CALLE 24 F|2025-12-01 00:00:00|PC09047|19|Jueves - Sábado|0.00000000000||-74.12164729499995|4.671920242000056
Ciudad Límpia (ASE03)|9|AV. CIUDAD DE CALI CON CALLE 24D INTERSECCION PARA TOMAR LA AV. LA ESPERANZA|2025-12-01 00:00:00|PC09048|9|Miercoles|0.00000000000||-74.12377246199998|4.674031341000045
Ciudad Límpia (ASE03)|9|CALLE 16H CON CARRERA 99 SENTIDO OCCIDENTE - ORIENTE|2025-12-01 00:00:00|PC09049|10|Jueves|0.00000000000||-74.14693854199999|4.670722024000042
Ciudad Límpia (ASE03)|9|TRANSVERSAL 73A CON CALLE 23|2025-12-01 00:00:00|PC09050|10|Jueves|0.00000000000||-74.12199378999998|4.6624063610000235
Ciudad Límpia (ASE03)|9|CARRERA 96BIS B CON CALLE 25G BIS|2025-12-01 00:00:00|PC09051|9|Miercoles|0.00000000000||-74.12629195699998|4.683497077000027
Ciudad Límpia (ASE03)|9|CARRERA 90 CON CALL 24 COSTADO ORIENTE - OCCIDENTE|2025-12-01 00:00:00|PC09052|2|Martes - Jueves - Sabado|0.00000000000||-74.12682377399994|4.673267981000038
Ciudad Límpia (ASE03)|9|TRANSVERSAL 85C CON CALLE 23D|2025-12-01 00:00:00|PC09053|2|Martes - Jueves - Sabado|0.00000000000||-74.12602410399995|4.670595581000043
Ciudad Límpia (ASE03)|9|CALLE 22 CON CRA 80A BIS|2025-12-01 00:00:00|PC09054|2|Martes - Jueves - Sabado|0.00000000000||-74.12599148299995|4.661631459000034
Ciudad Límpia (ASE03)|8|CALLE 45 SUR CON CARRER A72K|2025-12-01 00:00:00|PC08079|9|Miercoles|0.00000000000||-74.15159692199995|4.603740745000039
Ciudad Límpia (ASE03)|8|TRANSVERSAL 75 ENTRE CRA. 75 Y DIAGONAL 5A|2025-12-01 00:00:00|PC08080|4|Martes - Viernes|0.00000000000||-74.14498562499995|4.626191275000053
Ciudad Límpia (ASE03)|8|CALLE 40 C SUR TRANSVERSAL 78B|2025-12-01 00:00:00|PC08081|10|Jueves|0.00000000000||-74.15405161399997|4.6191967020000675
Ciudad Límpia (ASE03)|8|CARRERA 80F CALLE 41F 19|2025-12-01 00:00:00|PC08082|14|Miercoles - Viernes|0.00000000000||-74.16259004899996|4.6253427980000765
Ciudad Límpia (ASE03)|8|CALLE 40 BIS SUR ENTRE CARRERA 81K A CARRERA 82|2025-12-01 00:00:00|PC08083|1|Lunes - Miercoles - Viernes|0.00000000000||-74.16358323199995|4.631213692000074
Ciudad Límpia (ASE03)|8|CALLE 40B SUR CON CARRERA 82D|2025-12-01 00:00:00|PC08084|1|Lunes - Miercoles - Viernes|0.00000000000||-74.16476280699999|4.631251804000044
Ciudad Límpia (ASE03)|8|AV. GUAYACANES ENTRE CALLE 40B SUR A CALLE 40 SUR|2025-12-01 00:00:00|PC08085|11|Viernes|0.00000000000||-74.16910831999996|4.638206761000049
Ciudad Límpia (ASE03)|8|ALAMEDA EL PORVENIR CON CALLE 32 SUR  (PROYECCIÃN)|2025-12-01 00:00:00|PC08086|10|Jueves|0.00000000000||-74.16814859499993|4.647678967000047
Ciudad Límpia (ASE03)|8|CALLE 33 SUR CON CARRERA 86|2025-12-01 00:00:00|PC08087|7|Lunes|0.00000000000||-74.16043289799995|4.637100133000047
Ciudad Límpia (ASE03)|8|CALLE 35B SUR CARRERA 87D|2025-12-01 00:00:00|PC08088|10|Jueves|0.00000000000||-74.16386407699997|4.637868738000066
Ciudad Límpia (ASE03)|9|CARRERA 96 ENTRE CALLE 24C Y CALLE 25D|2025-12-01 00:00:00|PC09055|8|Martes|0.00000000000||-74.12741830099998|4.680747496000038
Ciudad Límpia (ASE03)|9|CARRERA 106 A 107 ENTRE CALLE 23D A CALLE 23G|2025-12-01 00:00:00|PC09056|1|Lunes - Miercoles - Viernes|0.00000000000||-74.14123149799997|4.6853792170000474
Ciudad Límpia (ASE03)|9|CALLE 23 CON CARRERA 113|2025-12-01 00:00:00|PC09057|9|Miercoles|0.00000000000||-74.14587752599994|4.687325624000039
Ciudad Límpia (ASE03)|8|CARRERA 86 CON CALLE 16C (COSTADO ORIENTAL)|2025-12-01 00:00:00|PC08089|28|Lunes - Viernes|0.00000000000||-74.13745139599996|4.657430604000069
Ciudad Límpia (ASE03)|8|CALLE 37B SUR CON TRANSVERSAL 68H|2025-12-01 00:00:00|PC08090|9|Miercoles|0.00000000000||-74.13675712799994|4.606251964000023
Ciudad Límpia (ASE03)|8|CARRERA 68K CON CALLE 39 SUR|2025-12-01 00:00:00|PC08091|9|Miercoles|0.00000000000||-74.14044921599998|4.605758810000054
Ciudad Límpia (ASE03)|8|CARRERA 68B BIS CON CALLE 2A|2025-12-01 00:00:00|PC08092|9|Miercoles|0.00000000000||-74.12710861299996|4.62238577100004
Ciudad Límpia (ASE03)|8|CARRERA 72J BIS CON CALLE 37D SUR|2025-12-01 00:00:00|PC08093|9|Miercoles|0.00000000000||-74.14265357899995|4.612999777000027
Ciudad Límpia (ASE03)|8|CARRERA 72J CON CALLE 37C SUR|2025-12-01 00:00:00|PC08094|14|Miercoles - Viernes|0.00000000000||-74.14125260599997|4.6143600410000545
Ciudad Límpia (ASE03)|9|CALLE 22J ENTRE CARRERA 116 Y CARRERA 114 A|2025-12-01 00:00:00|PC09058|2|Martes - Jueves - Sabado|0.00000000000||-74.14765619399998|4.688085792000038
Ciudad Límpia (ASE03)|9|CARRERA 96 BIS B CALLE 25 D|2025-12-01 00:00:00|PC09059|10|Jueves|0.00000000000||-74.12686963999994|4.682573280000042
Ciudad Límpia (ASE03)|8|CARRERA 68 A ENTRE CALLE 36 A SUR Y CALLE 37 BIS SUR|2025-12-01 00:00:00|PC08095|9|Miercoles|0.00000000000||-74.13334614999997|4.604624743000045
Ciudad Límpia (ASE03)|8|CALLE 58A SUR ENTRE CARRERA 80I, CARRERA 80J, CARRERA 81  Y CARRERA 81A|2025-12-01 00:00:00|PC08077|1|Lunes - Miercoles - Viernes|0.00000000000||-74.18028831499998|4.613390491000075
Ciudad Límpia (ASE03)|8|CARRERA 72N CON CALLE 37 SUR|2025-12-01 00:00:00|PC08057|2|Martes - Jueves - Sabado|0.00000000000||-74.14455399999997|4.616090000000042
Bogotá Límpia (ASE04)|12|Carrera 28b Calle 66|2025-12-01 00:00:00|4181|12|Sabado|0.00000000000|ACTIVO|-74.07516812433671|4.660330685158635
Bogotá Límpia (ASE04)|12|Carrera 24  Avenida Calle 72|2025-12-01 00:00:00|4074|12|Sabado|0.00000000000|INACTIVO|-74.06685790387137|4.663104083934175
Bogotá Límpia (ASE04)|12|Calle 70a Carrera 20|2025-12-01 00:00:00|4067|12|Sabado|0.00000000000|INACTIVO|-74.06615860376479|4.659214214648213
Bogotá Límpia (ASE04)|12|Carrera 22  Avenida Calle 68|2025-12-01 00:00:00|4068|28|Lunes - Viernes|0.00000000000|ACTIVO|-74.06845728175529|4.658361525685889
Bogotá Límpia (ASE04)|12|Transversal 55 Calle 97|2025-12-01 00:00:00|4182|12|Sabado|0.00000000000|INACTIVO|-74.06376051997051|4.685352628693519
Bogotá Límpia (ASE04)|10|Carrera 105b Calle 75c|2025-12-01 00:00:00|4050|11|Viernes|0.00000000000|INACTIVO|-74.11866117013959|4.709479153883059
Bogotá Límpia (ASE04)|10|Carrera 116 Calle 72f|2025-12-01 00:00:00|4061|11|Viernes|0.00000000000|INACTIVO|-74.1292229927338|4.716263258663742
Bogotá Límpia (ASE04)|12|Carrera 23  Calle 69|2025-12-01 00:00:00|4070|12|Sabado|0.00000000000|INACTIVO|-74.06857899272744|4.659257727855641
Bogotá Límpia (ASE04)|12|Calle 91  Carrera 47|2025-12-01 00:00:00|4063|12|Sabado|0.00000000000|INACTIVO|-74.06068927839144|4.678778405632815
Bogotá Límpia (ASE04)|12|Carrera 28a Calle 78|2025-12-01 00:00:00|4184|10|Jueves|0.00000000000|INACTIVO|-74.06703666938097|4.670004593682392
Bogotá Límpia (ASE04)|12|Avenida Carrera 30 Diagonal 92|2025-12-01 00:00:00|4002|6|Lunes a Sabado|0.00000000000|INACTIVO|-74.05902629997873|4.678826600453231
Bogotá Límpia (ASE04)|12|Carrera 30 Calle 80|2025-12-01 00:00:00|4003|10|Jueves|0.00000000000|ACTIVO|-74.06750799976362|4.673927999450984
Bogotá Límpia (ASE04)|12|Avenida Carrera 45 Calle 92|2025-12-01 00:00:00|4004|6|Lunes a Sabado|0.00000000000|INACTIVO|-74.05875116442665|4.678510430428427
Bogotá Límpia (ASE04)|10|Carrera 68d Calle 87|2025-12-01 00:00:00|4005|10|Jueves|0.00000000000|INACTIVO|-74.07879800029903|4.6865499997895075
Bogotá Límpia (ASE04)|10|Carrera 69 t  Cl 79c|2025-12-01 00:00:00|4006|10|Jueves|0.00000000000|INACTIVO|-74.0849596636383|4.690902706930164
Bogotá Límpia (ASE04)|10|Calle 66 Carrera 69i|2025-12-01 00:00:00|4007|12|Sabado|0.00000000000|INACTIVO|-74.09425399967103|4.676699000272817
Bogotá Límpia (ASE04)|10|Carrera 71b Calle 72a|2025-12-01 00:00:00|4008|8|Martes|0.00000000000|INACTIVO|-74.09348152557615|4.687215508195737
Bogotá Límpia (ASE04)|10|Transversal 72a  Diagonal 82|2025-12-01 00:00:00|4009|8|Martes|0.00000000000|INACTIVO|-74.08873700026537|4.702788999491401
Bogotá Límpia (ASE04)|12|Calle 71 Carrera 57a|2025-12-01 00:00:00|4076|10|Jueves|0.00000000000|INACTIVO|-74.07902357910221|4.671125198012463
Bogotá Límpia (ASE04)|12|Avenida Carrera 30 Calle 79|2025-12-01 00:00:00|4081|10|Jueves|0.00000000000|INACTIVO|-74.06907132175341|4.6731393466581155
Bogotá Límpia (ASE04)|12|Carrera 28  Calle 63|2025-12-01 00:00:00|4086|12|Sabado|0.00000000000|INACTIVO|-74.07573724694909|4.651760945889598
Bogotá Límpia (ASE04)|10|Carrera 69b Calle 66|2025-12-01 00:00:00|4011|12|Sabado|0.00000000000|INACTIVO|-74.09338230038696|4.675816764872826
Bogotá Límpia (ASE04)|10|Calle 79 Carrera 71d|2025-12-01 00:00:00|4012|8|Martes|0.00000000000|INACTIVO|-74.09046300015294|4.6935070002607535
Bogotá Límpia (ASE04)|10|Calle 79a Carrera 71|2025-12-01 00:00:00|4013|8|Martes|0.00000000000|INACTIVO|-74.08926768965492|4.693382075811283
Bogotá Límpia (ASE04)|10|Calle 66a Carrera 74|2025-12-01 00:00:00|4014|10|Jueves|0.00000000000|ACTIVO|-74.10169249078841|4.682968688735179
Bogotá Límpia (ASE04)|10|Carrera 72a Calle 72a|2025-12-01 00:00:00|4015|8|Martes|0.00000000000|ACTIVO|-74.0954640144333|4.688525901150738
Bogotá Límpia (ASE04)|10|Calle 86a Carrera 69t|2025-12-01 00:00:00|4016|10|Jueves|0.00000000000|INACTIVO|-74.08309574079087|4.692990571485491
Bogotá Límpia (ASE04)|10|Avenida Calle 80  Carrera 69q|2025-12-01 00:00:00|4017|10|Jueves|0.00000000000|INACTIVO|-74.08376991832408|4.6902255550425656
Bogotá Límpia (ASE04)|10|Calle 72a Carrera 68h|2025-12-01 00:00:00|4018|8|Martes|0.00000000000|INACTIVO|-74.0878764828106|4.680967175718262
Bogotá Límpia (ASE04)|10|Calle 77 Carrera 69h|2025-12-01 00:00:00|4019|10|Jueves|0.00000000000|ACTIVO|-74.08573091265994|4.685956187936611
Bogotá Límpia (ASE04)|10|Carrera 69b entre Calle 73a|2025-12-01 00:00:00|4020|8|Martes|0.00000000000|INACTIVO|-74.08784968364583|4.683124524498034
Bogotá Límpia (ASE04)|10|Carrera 70 Calle 73a|2025-12-01 00:00:00|4097|29|Martes - Jueves|0.00000000000|ACTIVO|-74.0899827961757|4.686140391479527
Bogotá Límpia (ASE04)|10|Carrera 96 Calle 72|2025-12-01 00:00:00|4104|8|Martes|0.00000000000|ACTIVO|-74.11327842710713|4.701409929735735
Bogotá Límpia (ASE04)|10|Calle 68b Carrera 68a Bis|2025-12-01 00:00:00|4022|12|Sabado|0.00000000000|ACTIVO|-74.08829219381943|4.676262635475985
Bogotá Límpia (ASE04)|10|Calle 66a  Carrera 77|2025-12-01 00:00:00|4023|10|Jueves|0.00000000000|INACTIVO|-74.10371818023678|4.684583754742132
Bogotá Límpia (ASE04)|10|Calle 66a  Carrera 74a|2025-12-01 00:00:00|4024|10|Jueves|0.00000000000|ACTIVO|-74.1017987687989|4.683225589252937
Bogotá Límpia (ASE04)|10|Carrera 96 Calle 65|2025-12-01 00:00:00|4025|10|Jueves|0.00000000000|ACTIVO|-74.11965642484012|4.692967804136562
Bogotá Límpia (ASE04)|10|Transversal 113f  Calle 67|2025-12-01 00:00:00|4103|7|Lunes|0.00000000000|ACTIVO|-74.13598610618367|4.710670470763478
Bogotá Límpia (ASE04)|10|Calle 71a Carrera 96|2025-12-01 00:00:00|4027|29|Martes - Jueves|0.00000000000|ACTIVO|-74.1148536413497|4.699178058490106
Bogotá Límpia (ASE04)|10|Ak 86 Calle 66a|2025-12-01 00:00:00|4028|6|Lunes a Sabado|0.00000000000|INACTIVO|-74.10949661360422|4.689679145474932
Bogotá Límpia (ASE04)|10|Carrera 127 Calle 65a|2025-12-01 00:00:00|4029|7|Lunes|0.00000000000|INACTIVO|-74.14243495142924|4.718273514509733
Bogotá Límpia (ASE04)|10|Calle 63a de la Carrera 119b|2025-12-01 00:00:00|4030|7|Lunes|0.00000000000|INACTIVO|-74.14485922871687|4.710378201484916
Bogotá Límpia (ASE04)|10|Calle 63b  Carrera 113 b 25|2025-12-01 00:00:00|4031|6|Lunes a Sabado|0.00000000000|INACTIVO|-74.14149558319039|4.708058817017991
Bogotá Límpia (ASE04)|10|Carrera 111c Calle 69bis|2025-12-01 00:00:00|4034|7|Lunes|0.00000000000|INACTIVO|-74.13079560415807|4.706944681800406
Bogotá Límpia (ASE04)|10|Calle 64 Carrera 128|2025-12-01 00:00:00|4035|7|Lunes|0.00000000000|ACTIVO|-74.14337824814095|4.719258277029571
Bogotá Límpia (ASE04)|10|Calle 63l  Carrera 125|2025-12-01 00:00:00|4036|7|Lunes|0.00000000000|INACTIVO|-74.1436257038151|4.715903451001583
Bogotá Límpia (ASE04)|10|Transversal 130 Calle 80|2025-12-01 00:00:00|4037|11|Viernes|0.00000000000|INACTIVO|-74.12695022001299|4.734904115591135
Bogotá Límpia (ASE04)|10|Calle 73A  Carrera 119b|2025-12-01 00:00:00|4039|6|Lunes a Sabado|0.00000000000|INACTIVO|-74.13133510282815|4.718221375531975
Bogotá Límpia (ASE04)|10|Calle 77 Carrera 116|2025-12-01 00:00:00|4040|11|Viernes|0.00000000000|INACTIVO|-74.12709000031795|4.719730000015772
Bogotá Límpia (ASE04)|10|Carrera 114  Calle 78|2025-12-01 00:00:00|4041|11|Viernes|0.00000000000|ACTIVO|-74.12524971879236|4.718496904737517
Bogotá Límpia (ASE04)|10|Carrera 105f  Calle 69|2025-12-01 00:00:00|4042|9|Miercoles|0.00000000000|ACTIVO|-74.12339532801424|4.702278821957159
Bogotá Límpia (ASE04)|10|Calle 66a Carrera 105h|2025-12-01 00:00:00|4043|9|Miercoles|0.00000000000|ACTIVO|-74.12646764784805|4.701001154573074
Bogotá Límpia (ASE04)|10|Transversal 106 Calle 75c|2025-12-01 00:00:00|4045|11|Viernes|0.00000000000|INACTIVO|-74.12007913395085|4.7102914925220425
Bogotá Límpia (ASE04)|10|Carrera 74 Calle 67a|2025-12-01 00:00:00|4046|10|Jueves|0.00000000000|ACTIVO|-74.10062937310492|4.6839327830420405
Bogotá Límpia (ASE04)|10|Carrera 110 Calle 67a|2025-12-01 00:00:00|4047|9|Miercoles|0.00000000000|INACTIVO|-74.12833528135279|4.703494238051043
Bogotá Límpia (ASE04)|10|Carrera 76  Calle 74|2025-12-01 00:00:00|4048|8|Martes|0.00000000000|INACTIVO|-74.09749239227476|4.692350569076127
Bogotá Límpia (ASE04)|10|Calle 77 Carrera 117|2025-12-01 00:00:00|4049|28|Lunes - Viernes|0.00000000000|ACTIVO|-74.13008142483093|4.720499704652073
Bogotá Límpia (ASE04)|10|Carrera 72f Calle 90|2025-12-01 00:00:00|4051|8|Martes|0.00000000000|INACTIVO|-74.08937511982974|4.705499977023496
Bogotá Límpia (ASE04)|10|Carrera 104 Calle 67c|2025-12-01 00:00:00|4052|8|Martes|0.00000000000|INACTIVO|-74.12308999955985|4.698939000292696
Bogotá Límpia (ASE04)|10|Carrera 68d Calle 68 Parque|2025-12-01 00:00:00|4053|12|Sabado|0.00000000000|ACTIVO|-74.08999252590337|4.676077398399668
Bogotá Límpia (ASE04)|10|Calle 65 bis Carrera 68h|2025-12-01 00:00:00|4054|12|Sabado|0.00000000000|INACTIVO|-74.09316839935256|4.6738941858856125
Bogotá Límpia (ASE04)|10|Calle 79 Carrera 68c|2025-12-01 00:00:00|4055|10|Jueves|0.00000000000|INACTIVO|-74.0814008916656|4.684488047429992
Bogotá Límpia (ASE04)|10|Calle 89 Bis Carrera 91|2025-12-01 00:00:00|4056|6|Lunes a Sabado|0.00000000000|INACTIVO|-74.0982806918208|4.712597743094964
Bogotá Límpia (ASE04)|10|Carrera 69q Calle 74b|2025-12-01 00:00:00|4057|8|Martes|0.00000000000|INACTIVO|-74.08896212162016|4.68647837358115
Bogotá Límpia (ASE04)|10|Carrera 107c  Calle 63 Bis|2025-12-01 00:00:00|4058|9|Miercoles|0.00000000000|INACTIVO|-74.12944797026073|4.699157049980958
Bogotá Límpia (ASE04)|10|Diagonal 86a Carrera 96|2025-12-01 00:00:00|4059|6|Lunes a Sabado|0.00000000000|INACTIVO|-74.1069186020103|4.715337556948213
Bogotá Límpia (ASE04)|10|Carrera 91 Calle 97|2025-12-01 00:00:00|4060|29|Martes - Jueves|0.00000000000|ACTIVO|-74.09549499980635|4.715166999871011
Bogotá Límpia (ASE04)|10|Avenida Carrera 72 Calle 26|2025-12-01 00:00:00|4110|12|Sabado|0.00000000000|ACTIVO|-74.111308462045|4.666378367991985
Bogotá Límpia (ASE04)|10|Transversal 70c bis Calle 75|2025-12-01 00:00:00|4116|8|Martes|0.00000000000|INACTIVO|-74.0895613858482|4.690078124704265
Bogotá Límpia (ASE04)|10|Carrera 121 Calle 73a|2025-12-01 00:00:00|4122|1|Lunes - Miercoles - Viernes|0.00000000000|ACTIVO|-74.13326484932628|4.719145813549704
Bogotá Límpia (ASE04)|10|Calle 90 Carrera 95g|2025-12-01 00:00:00|4062|7|Lunes|0.00000000000|ACTIVO|-74.10273200042266|4.718052999449797
Bogotá Límpia (ASE04)|12|Av Carrera 30 Calle 88b|2025-12-01 00:00:00|4064|12|Sabado|0.00000000000|INACTIVO|-74.06137364599708|4.677723588659584
Bogotá Límpia (ASE04)|12|Calle 90  Carrera 60a|2025-12-01 00:00:00|4065|12|Sabado|0.00000000000|INACTIVO|-74.06760271610759|4.680505703605263
Bogotá Límpia (ASE04)|12|Calle 90  Carrera 50|2025-12-01 00:00:00|4066|12|Sabado|0.00000000000|INACTIVO|-74.06575013992162|4.679260968641036
Bogotá Límpia (ASE04)|12|Carrera 17  Avenida Calle 68|2025-12-01 00:00:00|4069|6|Lunes a Sabado|0.00000000000|INACTIVO|-74.06545504602208|4.656411109125222
Bogotá Límpia (ASE04)|12|Carrera 55b  Diagonal 79 b Bis|2025-12-01 00:00:00|4071|8|Martes|0.00000000000|INACTIVO|-74.07319279427477|4.6763936627271026
Bogotá Límpia (ASE04)|12|Avenida Calle 68 Carrera 50|2025-12-01 00:00:00|4072|10|Jueves|0.00000000000|ACTIVO|-74.07656373776418|4.6646370354544375
Bogotá Límpia (ASE04)|12|Transversal 56a Calle 74|2025-12-01 00:00:00|4073|10|Jueves|0.00000000000|INACTIVO|-74.07604760469592|4.671750315459177
Bogotá Límpia (ASE04)|12|Carrera 20 Calle 68a|2025-12-01 00:00:00|4075|8|Martes|0.00000000000|ACTIVO|-74.06691696537817|4.657697445235804
Bogotá Límpia (ASE04)|10|Carrera 112c  Diagonal 66|2025-12-01 00:00:00|4192|6|Lunes a Sabado|0.00000000000|INACTIVO|-74.13367906803477|4.706679945881947
Bogotá Límpia (ASE04)|10|Carrera 70d  Avenida Calle 63|2025-12-01 00:00:00|4010|12|Sabado|0.00000000000|INACTIVO|-74.10211799964993|4.671804999991426
Bogotá Límpia (ASE04)|10|Calle 73 Carrera 69j|2025-12-01 00:00:00|4021|8|Martes|0.00000000000|ACTIVO|-74.08960517736996|4.6834920599326875
Bogotá Límpia (ASE04)|12|Carrera 55  Calle 75|2025-12-01 00:00:00|4077|9|Miercoles|0.00000000000|ACTIVO|-74.07487516578945|4.6724149359113785
Bogotá Límpia (ASE04)|12|Tranversal 56a Calle 73|2025-12-01 00:00:00|4078|29|Martes - Jueves|0.00000000000|ACTIVO|-74.0767175077887|4.671233494759324
Bogotá Límpia (ASE04)|12|Carrera 36a Calle 63b|2025-12-01 00:00:00|4079|6|Lunes a Sabado|0.00000000000|INACTIVO|-74.08010563432119|4.6542445539979225
Bogotá Límpia (ASE04)|12|Calle 79 Carrera 55 Bis|2025-12-01 00:00:00|4080|8|Martes|0.00000000000|INACTIVO|-74.07276656867198|4.675080538908752
Bogotá Límpia (ASE04)|10|Transversal 94l Calle 83|2025-12-01 00:00:00|4026|6|Lunes a Sabado|0.00000000000|INACTIVO|-74.10437845303402|4.71077380420843
Bogotá Límpia (ASE04)|10|Calle 64d  Carrera 110 Bis|2025-12-01 00:00:00|4032|9|Miercoles|0.00000000000|INACTIVO|-74.13033687589385|4.701689482680013
Bogotá Límpia (ASE04)|12|Carrera 28  Calle 66|2025-12-01 00:00:00|4083|12|Sabado|0.00000000000|INACTIVO|-74.07402654516045|4.6595422247011316
Bogotá Límpia (ASE04)|12|Carrera 56 Calle 94c|2025-12-01 00:00:00|4085|12|Sabado|0.00000000000|ACTIVO|-74.06312807621985|4.683816795650349
Bogotá Límpia (ASE04)|10|Calle 73  Carrera 110|2025-12-01 00:00:00|4038|11|Viernes|0.00000000000|INACTIVO|-74.12400543005866|4.711715866997617
Bogotá Límpia (ASE04)|12|Calle 71a  Carrera 19|2025-12-01 00:00:00|4087|12|Sabado|0.00000000000|INACTIVO|-74.0642539292728|4.660231584692204
Bogotá Límpia (ASE04)|12|Avenida Calle 68 Avenida Carrera 30|2025-12-01 00:00:00|4088|10|Jueves|0.00000000000|INACTIVO|-74.07588925364249|4.663427179431103
Bogotá Límpia (ASE04)|10|Carrera 77c Calle 53|2025-12-01 00:00:00|4089|10|Jueves|0.00000000000|INACTIVO|-74.11103687492434|4.677685892434049
Bogotá Límpia (ASE04)|10|Calle 66aCarrera 94|2025-12-01 00:00:00|4090|2|Martes - Jueves - Sabado|0.00000000000|ACTIVO|-74.11605724989211|4.694095366543993
Bogotá Límpia (ASE04)|10|Calle 72  Carrera 106|2025-12-01 00:00:00|4092|9|Miercoles|0.00000000000|INACTIVO|-74.12171876968257|4.708411200055541
Bogotá Límpia (ASE04)|10|Avenida 66a Carrera 77c|2025-12-01 00:00:00|4093|10|Jueves|0.00000000000|INACTIVO|-74.10494700021248|4.685718000198323
Bogotá Límpia (ASE04)|10|Carrera 106a Calle 67a|2025-12-01 00:00:00|4094|9|Miercoles|0.00000000000|ACTIVO|-74.12628932092002|4.701683546251437
Bogotá Límpia (ASE04)|10|Carrera 68 Calle 72|2025-12-01 00:00:00|4095|12|Sabado|0.00000000000|ACTIVO|-74.08611799981044|4.677825999861478
Bogotá Límpia (ASE04)|10|Carrera 82 Calle 52A|2025-12-01 00:00:00|4096|10|Jueves|0.00000000000|INACTIVO|-74.11547573866275|4.674934999535654
Bogotá Límpia (ASE04)|10|Calle 87 Carrera 69h|2025-12-01 00:00:00|4098|10|Jueves|0.00000000000|INACTIVO|-74.08073585303389|4.689774681881082
Bogotá Límpia (ASE04)|10|Carrera 91 Calle 66a|2025-12-01 00:00:00|4099|29|Martes - Jueves|0.00000000000|ACTIVO|-74.11379066910987|4.692227528535761
Bogotá Límpia (ASE04)|10|Carrera 95  Calle 95|2025-12-01 00:00:00|4100|8|Martes|0.00000000000|ACTIVO|-74.0982410423464|4.717389875249122
Bogotá Límpia (ASE04)|10|Avenida Calle 72 Carrera 112|2025-12-01 00:00:00|4101|11|Viernes|0.00000000000|INACTIVO|-74.12766758640389|4.712725063239118
Bogotá Límpia (ASE04)|10|Carrera 114  Calle 79|2025-12-01 00:00:00|4102|11|Viernes|0.00000000000|ACTIVO|-74.12178710083978|4.720696571587861
Bogotá Límpia (ASE04)|10|Calle 70 Carrera 101|2025-12-01 00:00:00|4105|8|Martes|0.00000000000|INACTIVO|-74.11924199965281|4.700931000144491
Bogotá Límpia (ASE04)|10|Carrera 101 Calle 66A|2025-12-01 00:00:00|4106|8|Martes|0.00000000000|ACTIVO|-74.12271142826654|4.697612991605253
Bogotá Límpia (ASE04)|10|Carrera 96 Calle 74a|2025-12-01 00:00:00|4107|14|Miercoles - Viernes|0.00000000000|ACTIVO|-74.11226688186689|4.7044329270211325
Bogotá Límpia (ASE04)|10|Avenida Calle 72 Carrrera 74|2025-12-01 00:00:00|4108|8|Martes|0.00000000000|ACTIVO|-74.09718788693608|4.689155348554666
Bogotá Límpia (ASE04)|10|Calle 79a Carrera 71b|2025-12-01 00:00:00|4109|8|Martes|0.00000000000|INACTIVO|-74.0893140002476|4.69386500026626
Bogotá Límpia (ASE04)|10|Carrera 92 Calle 82|2025-12-01 00:00:00|4111|6|Lunes a Sabado|0.00000000000|INACTIVO|-74.10412116297253|4.707644880701564
Bogotá Límpia (ASE04)|10|Calle 73  Carrera 105a|2025-12-01 00:00:00|4112|11|Viernes|0.00000000000|ACTIVO|-74.1191598496463|4.7078562385133775
Bogotá Límpia (ASE04)|10|Calle 72 Carrera 100b|2025-12-01 00:00:00|4113|8|Martes|0.00000000000|INACTIVO|-74.116934482194|4.70421934754926
Bogotá Límpia (ASE04)|10|Calle 72  Carrera 107c|2025-12-01 00:00:00|4114|9|Miercoles|0.00000000000|INACTIVO|-74.12281012314494|4.708842600515311
Bogotá Límpia (ASE04)|10|Transversal 103 Calle 63|2025-12-01 00:00:00|4115|8|Martes|0.00000000000|ACTIVO|-74.12392240120711|4.694724230275209
Bogotá Límpia (ASE04)|10|Calle 64  Carrera 113f|2025-12-01 00:00:00|4117|7|Lunes|0.00000000000|INACTIVO|-74.1397739469394|4.7105691461116095
Bogotá Límpia (ASE04)|10|Carrera 110d Calle 67 b bis|2025-12-01 00:00:00|4118|9|Miercoles|0.00000000000|INACTIVO|-74.12975382807174|4.704766104713775
Bogotá Límpia (ASE04)|10|Carrera 109a  Calle 77c|2025-12-01 00:00:00|4119|11|Viernes|0.00000000000|ACTIVO|-74.12012424589074|4.714197383851769
Bogotá Límpia (ASE04)|10|Transversal 112c  Calle 65b|2025-12-01 00:00:00|4120|7|Lunes|0.00000000000|INACTIVO|-74.13464301065231|4.706404797753787
Bogotá Límpia (ASE04)|10|Carrera 113b  Calle 63f|2025-12-01 00:00:00|4121|7|Lunes|0.00000000000|INACTIVO|-74.14031498523265|4.708515678682592
Bogotá Límpia (ASE04)|10|Calle 78a  Carrera 102|2025-12-01 00:00:00|4123|12|Sabado|0.00000000000|INACTIVO|-74.11429289657026|4.711008134100818
Bogotá Límpia (ASE04)|10|Calle 82a Carrera 94j|2025-12-01 00:00:00|4124|10|Jueves|0.00000000000|INACTIVO|-74.1052780003595|4.709444000024888
Bogotá Límpia (ASE04)|10|Calle 82  Carrera 96|2025-12-01 00:00:00|4125|10|Jueves|0.00000000000|INACTIVO|-74.1079547057916|4.711441657449426
Bogotá Límpia (ASE04)|10|Calle 91a  Carrera 95|2025-12-01 00:00:00|4126|8|Martes|0.00000000000|INACTIVO|-74.09909962227096|4.716419371957691
Bogotá Límpia (ASE04)|10|Carrera 91a Calle 75|2025-12-01 00:00:00|4127|9|Miercoles|0.00000000000|INACTIVO|-74.10809020392111|4.702183001395043
Bogotá Límpia (ASE04)|10|Carrera 107 Calle 78C|2025-12-01 00:00:00|4129|11|Viernes|0.00000000000|INACTIVO|-74.11804239889273|4.714176927269378
Bogotá Límpia (ASE04)|10|Carrera 112d Calle 68b|2025-12-01 00:00:00|4130|7|Lunes|0.00000000000|ACTIVO|-74.13369762068355|4.707865864598223
Bogotá Límpia (ASE04)|10|Calle 72 Carrera 110|2025-12-01 00:00:00|4131|9|Miercoles|0.00000000000|INACTIVO|-74.12452510885306|4.71011926556
Bogotá Límpia (ASE04)|10|Calle 87  Carrera 96|2025-12-01 00:00:00|4132|9|Miercoles|0.00000000000|INACTIVO|-74.10532706473926|4.716608222249348
Bogotá Límpia (ASE04)|10|Avenida Carrera 72 Avenida Calle 80|2025-12-01 00:00:00|4133|8|Martes|0.00000000000|ACTIVO|-74.08879389525492|4.694909953776157
Bogotá Límpia (ASE04)|10|Carrera 113 Calle 70c|2025-12-01 00:00:00|4135|7|Lunes|0.00000000000|ACTIVO|-74.13130481761735|4.710746665848061
Bogotá Límpia (ASE04)|10|Calle 73  Carrera 107a|2025-12-01 00:00:00|4136|9|Miercoles|0.00000000000|INACTIVO|-74.12250369106941|4.710146479687798
Bogotá Límpia (ASE04)|10|Calle 72a Carrera 107b|2025-12-01 00:00:00|4137|9|Miercoles|0.00000000000|INACTIVO|-74.12318299955817|4.710010999914949
Bogotá Límpia (ASE04)|10|Calle 75 Carrera 105a|2025-12-01 00:00:00|4138|11|Viernes|0.00000000000|INACTIVO|-74.11907245466323|4.708590874667457
Bogotá Límpia (ASE04)|10|Carrera 108  Calle 65a|2025-12-01 00:00:00|4139|9|Miercoles|0.00000000000|ACTIVO|-74.1285191878645|4.701499949461112
Bogotá Límpia (ASE04)|10|Avenida Calle 72 Carrera 110|2025-12-01 00:00:00|4141|9|Miercoles|0.00000000000|INACTIVO|-74.1247987777054|4.710651673672597
Bogotá Límpia (ASE04)|10|Calle 66a Carrera 91|2025-12-01 00:00:00|4142|29|Martes - Jueves|0.00000000000|ACTIVO|-74.11277086141548|4.691877000267586
Bogotá Límpia (ASE04)|10|Calle 82 Carrera 91|2025-12-01 00:00:00|4143|6|Lunes a Sabado|0.00000000000|INACTIVO|-74.10359766584129|4.707220363989391
Bogotá Límpia (ASE04)|10|Carrera 90b Calle 71 Bis|2025-12-01 00:00:00|4144|8|Martes|0.00000000000|INACTIVO|-74.1104769982197|4.696669668012585
Bogotá Límpia (ASE04)|10|Carrera 102 Calle 70|2025-12-01 00:00:00|4145|9|Miercoles|0.00000000000|INACTIVO|-74.12143280212915|4.703571764606101
Bogotá Límpia (ASE04)|10|Calle 90a Carrera 95h|2025-12-01 00:00:00|4147|12|Sabado|0.00000000000|INACTIVO|-74.10274683934941|4.719051711171834
Bogotá Límpia (ASE04)|10|Carrera 110 Calle 72|2025-12-01 00:00:00|4148|9|Miercoles|0.00000000000|INACTIVO|-74.12664416088322|4.707672457857142
Bogotá Límpia (ASE04)|10|Transversal 112c Calle 64d|2025-12-01 00:00:00|4149|7|Lunes|0.00000000000|INACTIVO|-74.13536912396086|4.706162137283341
Bogotá Límpia (ASE04)|10|Carrera 96 Calle 69b|2025-12-01 00:00:00|4150|14|Miercoles - Viernes|0.00000000000|ACTIVO|-74.11537799795879|4.6975944542464205
Bogotá Límpia (ASE04)|10|Carrera 77c Calle 66a|2025-12-01 00:00:00|4151|10|Jueves|0.00000000000|INACTIVO|-74.10444055359326|4.685243304806947
Bogotá Límpia (ASE04)|10|Carrera 95  Calle 86|2025-12-01 00:00:00|4153|10|Jueves|0.00000000000|ACTIVO|-74.10637298278822|4.714822642440665
Bogotá Límpia (ASE04)|10|Calle 90a Carrera 94 g|2025-12-01 00:00:00|4154|11|Viernes|0.00000000000|ACTIVO|-74.09835301133582|4.714998477247034
Bogotá Límpia (ASE04)|12|Calle 80 Carrera 45|2025-12-01 00:00:00|4155|10|Jueves|0.00000000000|INACTIVO|-74.06089000036745|4.66591500025195
Bogotá Límpia (ASE04)|12|Calle 80 Carrera 21|2025-12-01 00:00:00|4156|10|Jueves|0.00000000000|INACTIVO|-74.06116500001774|4.666091999942032
Bogotá Límpia (ASE04)|12|Avenida Calle 80 Carrera 20c|2025-12-01 00:00:00|4157|10|Jueves|0.00000000000|INACTIVO|-74.06159020194028|4.666319299727431
Bogotá Límpia (ASE04)|10|Calle 66B  Carrera 119 bis|2025-12-01 00:00:00|4159|7|Lunes|0.00000000000|INACTIVO|-74.13849597441389|4.714260478717082
Bogotá Límpia (ASE04)|10|Carrera 114 Calle 72g|2025-12-01 00:00:00|4160|11|Viernes|0.00000000000|INACTIVO|-74.12847927388206|4.716141737604769
Bogotá Límpia (ASE04)|10|Calle 66a Transversal 96|2025-12-01 00:00:00|4161|8|Martes|0.00000000000|ACTIVO|-74.11709716839222|4.694530502235989
Bogotá Límpia (ASE04)|10|Avanida Carrera 86  Calle 66a|2025-12-01 00:00:00|4162|6|Lunes a Sabado|0.00000000000|INACTIVO|-74.1088255430423|4.689939418730126
Bogotá Límpia (ASE04)|10|Transversal 112B bis Calle 64Bis|2025-12-01 00:00:00|4165|7|Lunes|0.00000000000|INACTIVO|-74.13516629579881|4.70528326901906
Bogotá Límpia (ASE04)|10|Avenida Calle 66 Carrera 69a|2025-12-01 00:00:00|4166|12|Sabado|0.00000000000|ACTIVO|-74.09296864485881|4.6756554381465065
Bogotá Límpia (ASE04)|10|Calle 63l Carrera 126a|2025-12-01 00:00:00|4167|7|Lunes|0.00000000000|ACTIVO|-74.14381117489478|4.717255688601676
Bogotá Límpia (ASE04)|10|Calle 75c  Carrera 93a|2025-12-01 00:00:00|4168|11|Viernes|0.00000000000|ACTIVO|-74.10851550004136|4.704560999596533
Bogotá Límpia (ASE04)|10|Calle 73 Carrera 110g|2025-12-01 00:00:00|4169|11|Viernes|0.00000000000|INACTIVO|-74.12533963505909|4.712981303808337
Bogotá Límpia (ASE04)|10|Calle 87  Carrera 95d|2025-12-01 00:00:00|4171|11|Viernes|0.00000000000|INACTIVO|-74.1034185539952|4.7147104112906595
Bogotá Límpia (ASE04)|10|Transversal 71 bis Calle 75b|2025-12-01 00:00:00|4172|8|Martes|0.00000000000|ACTIVO|-74.08998426317788|4.690593096686441
Bogotá Límpia (ASE04)|12|Calle 91  Carrera 49|2025-12-01 00:00:00|4174|12|Sabado|0.00000000000|INACTIVO|-74.0622234633172|4.6790813852345225
Bogotá Límpia (ASE04)|12|Calle 91 Carrera 49b|2025-12-01 00:00:00|4175|12|Sabado|0.00000000000|INACTIVO|-74.0632598901693|4.67927818112128
Bogotá Límpia (ASE04)|12|Calle 77  Carrera 56a|2025-12-01 00:00:00|4178|14|Miercoles - Viernes|0.00000000000|ACTIVO|-74.07611409408574|4.675225285531536
Bogotá Límpia (ASE04)|12|Calle 63j  Carrera 36a|2025-12-01 00:00:00|4179|6|Lunes a Sabado|0.00000000000|INACTIVO|-74.07850065019305|4.658165966603814
Bogotá Límpia (ASE04)|12|Diagonal 76a Transversal 56a|2025-12-01 00:00:00|4180|29|Martes - Jueves|0.00000000000|ACTIVO|-74.07532616600848|4.674803334679622
Bogotá Límpia (ASE04)|12|Avenida Calle 68 Carrera 27c|2025-12-01 00:00:00|4183|10|Jueves|0.00000000000|ACTIVO|-74.07276785197895|4.661401227225184
Bogotá Límpia (ASE04)|12|Carrera 53 Calle 75|2025-12-01 00:00:00|4185|10|Jueves|0.00000000000|INACTIVO|-74.07362453278358|4.671669896856781
Bogotá Límpia (ASE04)|12|Diagonal 76 bis Carrera 51|2025-12-01 00:00:00|4187|10|Jueves|0.00000000000|INACTIVO|-74.0711686228689|4.672601596881514
Bogotá Límpia (ASE04)|12|Calle 76  Carrera 65|2025-12-01 00:00:00|4188|8|Martes|0.00000000000|INACTIVO|-74.08098258031167|4.678476475708822
Bogotá Límpia (ASE04)|12|Calle 90  Carrera 60d|2025-12-01 00:00:00|4189|12|Sabado|0.00000000000|ACTIVO|-74.0695948238591|4.682331393146525
Bogotá Límpia (ASE04)|12|Carrera 54  Calle 75|2025-12-01 00:00:00|4190|10|Jueves|0.00000000000|INACTIVO|-74.07413702013113|4.671932013539159
Bogotá Límpia (ASE04)|10|Carrera 120  Avenida Calle 80|2025-12-01 00:00:00|4191|11|Viernes|0.00000000000|INACTIVO|-74.12537922268248|4.727747966115345
Bogotá Límpia (ASE04)|10|Carrera 69k  Calle 74b|2025-12-01 00:00:00|4194|8|Martes|0.00000000000|ACTIVO|-74.0878127961844|4.685048102214357
Bogotá Límpia (ASE04)|10|Carrera 71  Calle 66a|2025-12-01 00:00:00|4195|10|Jueves|0.00000000000|ACTIVO|-74.09765698900644|4.6795464205747175
Bogotá Límpia (ASE04)|10|Calle 91a Carrera 95J|2025-12-01 00:00:00|4196|8|Martes|0.00000000000|INACTIVO|-74.10295121988102|4.7204938026228325
Bogotá Límpia (ASE04)|10|Carrera 90  Calle 87|2025-12-01 00:00:00|4197|7|Lunes|0.00000000000|INACTIVO|-74.09907449982136|4.7101589996956
Bogotá Límpia (ASE04)|10|Avenida Calle 53 Carrera 76|2025-12-01 00:00:00|4198|10|Jueves|0.00000000000|INACTIVO|-74.10978282706253|4.676482344170649
Bogotá Límpia (ASE04)|10|Calle 86 con Transversal 94l|2025-12-01 00:00:00|4200|14|Miercoles - Viernes|0.00000000000|ACTIVO|-74.10289437687034|4.711727323576529
Bogotá Límpia (ASE04)|10|Diagonal 77 Carrera 129|2025-12-01 00:00:00|4201|6|Lunes a Sabado|0.00000000000|INACTIVO|-74.1358045652668|4.722404322203846
Bogotá Límpia (ASE04)|10|Calle 65 bis Avenida Carrera 86|2025-12-01 00:00:00|4202|6|Lunes a Sabado|0.00000000000|INACTIVO|-74.11037838923093|4.687692038196759
Bogotá Límpia (ASE04)|10|Calle 66 Carrera 112|2025-12-01 00:00:00|4203|7|Lunes|0.00000000000|INACTIVO|-74.13344916390284|4.705585540208495
Bogotá Límpia (ASE04)|10|Calle 75a Carrera 80a|2025-12-01 00:00:00|4204|8|Martes|0.00000000000|INACTIVO|-74.09927700026552|4.696146000142668
Bogotá Límpia (ASE04)|10|Carrera 74a Calle 71|2025-12-01 00:00:00|4206|8|Martes|0.00000000000|ACTIVO|-74.09858512135901|4.687438786907822
Bogotá Límpia (ASE04)|10|Carrera 68b Calle 71|2025-12-01 00:00:00|4207|12|Sabado|0.00000000000|ACTIVO|-74.08727794893628|4.677761318400629
Bogotá Límpia (ASE04)|10|Calle 74B Carrera 69h|2025-12-01 00:00:00|4208|8|Martes|0.00000000000|INACTIVO|-74.08742441979396|4.684428098284159
Bogotá Límpia (ASE04)|12|Carrera 54 Calle 67|2025-12-01 00:00:00|4209|10|Jueves|0.00000000000|INACTIVO|-74.07971401744292|4.665241705441033
Bogotá Límpia (ASE04)|12|Calle 71a Carrera 14a|2025-12-01 00:00:00|4210|12|Sabado|0.00000000000|ACTIVO|-74.06268474269326|4.659203652757132
Bogotá Límpia (ASE04)|12|Calle 91 Carrera 47a|2025-12-01 00:00:00|4173|12|Sabado|0.00000000000|INACTIVO|-74.06114624900128|4.678874685582595
Bogotá Límpia (ASE04)|12|Carrera 27b Calle 63a|2025-12-01 00:00:00|4213|12|Sabado|0.00000000000|INACTIVO|-74.07534201781937|4.652488446596613
Bogotá Límpia (ASE04)|12|Carrera 18  Avenida Calle 68|2025-12-01 00:00:00|4214|6|Lunes a Sabado|0.00000000000|INACTIVO|-74.06629770137808|4.656910176262898
Bogotá Límpia (ASE04)|12|Calle 63c Carrera 27b|2025-12-01 00:00:00|4215|12|Sabado|0.00000000000|ACTIVO|-74.07479268870671|4.654102406019071
Bogotá Límpia (ASE04)|10|Carrera 68d Calle 67a|2025-12-01 00:00:00|4216|12|Sabado|0.00000000000|INACTIVO|-74.09034160157996|4.675605708077677
Bogotá Límpia (ASE04)|10|Carrera 119  Calle 82|2025-12-01 00:00:00|4128|11|Viernes|0.00000000000|ACTIVO|-74.12255187841761|4.728503129460948
Bogotá Límpia (ASE04)|10|Avenida Carrera 70  Calle 64b|2025-12-01 00:00:00|4134|12|Sabado|0.00000000000|ACTIVO|-74.09853508482405|4.674051058794154
Bogotá Límpia (ASE04)|10|Carrera 114b  Calle 75c|2025-12-01 00:00:00|4140|11|Viernes|0.00000000000|INACTIVO|-74.12678306370312|4.718624205509293
Bogotá Límpia (ASE04)|10|Carrera 110g Calle 71c|2025-12-01 00:00:00|4146|7|Lunes|0.00000000000|INACTIVO|-74.12760305032396|4.711277167930554
Bogotá Límpia (ASE04)|10|Carrera 85c Calle 52c|2025-12-01 00:00:00|4152|8|Martes|0.00000000000|INACTIVO|-74.1137361016938|4.679658584670922
Bogotá Límpia (ASE04)|10|Carrera 70 Calle 77a|2025-12-01 00:00:00|4158|8|Martes|0.00000000000|INACTIVO|-74.08751585180386|4.689682042647741
Bogotá Límpia (ASE04)|10|Calle 77  Carrera 119c|2025-12-01 00:00:00|4164|14|Miercoles - Viernes|0.00000000000|ACTIVO|-74.13165199887432|4.720521439193475
Bogotá Límpia (ASE04)|12|Avenida Calle 80 Carrera 53|2025-12-01 00:00:00|4170|12|Sabado|0.00000000000|ACTIVO|-74.0707081820314|4.675428355422718
Bogotá Límpia (ASE04)|12|Carrera 66 Calle 74a|2025-12-01 00:00:00|4177|9|Miercoles|0.00000000000|ACTIVO|-74.08322960387463|4.678184920752692
Bogotá Límpia (ASE04)|12|Carrera 52 Calle 75|2025-12-01 00:00:00|4186|10|Jueves|0.00000000000|INACTIVO|-74.07304057414213|4.671176015738692
Bogotá Límpia (ASE04)|12|Calle 94c Carrera 57|2025-12-01 00:00:00|4193|12|Sabado|0.00000000000|INACTIVO|-74.06421455871771|4.684356243732146
Bogotá Límpia (ASE04)|10|Carrera 90 Calle 84a|2025-12-01 00:00:00|4199|7|Lunes|0.00000000000|INACTIVO|-74.10110400006798|4.707953999818121
Bogotá Límpia (ASE04)|10|Avenida Carrera 68 Avenida Calle 80|2025-12-01 00:00:00|4205|10|Jueves|0.00000000000|INACTIVO|-74.07903199728612|4.684040782474084
Bogotá Límpia (ASE04)|12|Diagonal 79b Carrera 63|2025-12-01 00:00:00|4211|10|Jueves|0.00000000000|ACTIVO|-74.07762307313396|4.680220622454335
Bogotá Límpia (ASE04)|12|Calle 70 Carrera 29c|2025-12-01 00:00:00|4001|10|Jueves|0.00000000000|INACTIVO|-74.0749510001753|4.664753000073432
Bogotá Límpia (ASE04)|10|Carrera 111c Calle 71|2025-12-01 00:00:00|4033|7|Lunes|0.00000000000|ACTIVO|-74.12857612462312|4.71035316579031
Lime (ASE02)|7|CL 70A SUR  102|2025-12-01 00:00:00|1|7|Lunes|0|ACTIVO|-74.20355743163003|4.636706877394709
Lime (ASE02)|7|CL 50 SUR  100|2025-12-01 00:00:00|2|28|Lunes - Viernes|0|ACTIVO|-74.1866995791479|4.644126121171872
Lime (ASE02)|7|CL 75A SUR  100A|2025-12-01 00:00:00|3|28|Lunes - Viernes|0|ACTIVO|-74.20842121051639|4.634130343190608
Lime (ASE02)|7|CL 72 SUR  100A|2025-12-01 00:00:00|4|28|Lunes - Viernes|0|ACTIVO|-74.20446957724413|4.63487571651206
Lime (ASE02)|7|CL 72 SUR  90|2025-12-01 00:00:00|5|35|3 Veces por Semana|0|ACTIVO|-74.20071494965597|4.626315527677251
Lime (ASE02)|7|CL 56F SUR  91D|2025-12-01 00:00:00|6|5|Miercoles - Sabado|0|ACTIVO|-74.18979826231929|4.632788721259291
Lime (ASE02)|7|CL 56F SUR  95A|2025-12-01 00:00:00|7|9|Miercoles|0|INACTIVO|-74.19172923067853|4.636466689960279
Lime (ASE02)|7|CL 56F SUR  98|2025-12-01 00:00:00|8|5|Miercoles - Sabado|0|ACTIVO|-74.1926782641042|4.637997972039174
Lime (ASE02)|7|CL 56F SUR  107|2025-12-01 00:00:00|9|5|Miercoles - Sabado|0|ACTIVO|-74.19621604423314|4.643953353754117
Lime (ASE02)|7|CL 59 SUR  107|2025-12-01 00:00:00|10|9|Miercoles|0|INACTIVO|-74.19914322240184|4.642246686343488
Lime (ASE02)|7|CL 59 SUR  96A|2025-12-01 00:00:00|11|9|Miercoles|0|ACTIVO|-74.19490882407841|4.634915502457863
Lime (ASE02)|7|CL 59 SUR  97B|2025-12-01 00:00:00|12|9|Miercoles|0|ACTIVO|-74.19531808550096|4.635676070639551
Lime (ASE02)|7|CL 70A SUR  105B|2025-12-01 00:00:00|13|29|Martes - Jueves|0|ACTIVO|-74.20408728321799|4.638732066132527
Lime (ASE02)|7|CL 72 SUR  105B|2025-12-01 00:00:00|14|29|Martes - Jueves|0|ACTIVO|-74.20581160905185|4.637927288072349
Lime (ASE02)|7|CL 56 SUR  73|2025-12-01 00:00:00|15|9|Miercoles|0|ACTIVO|-74.1668155715695|4.603719426657645
Lime (ASE02)|7|CL 53C SUR  72H|2025-12-01 00:00:00|16|9|Miercoles|0|ACTIVO|-74.16581875572288|4.604593609115235
Lime (ASE02)|7|CL 59A SUR  72A|2025-12-01 00:00:00|17|9|Miercoles|0|ACTIVO|-74.17774561004242|4.599051914473529
Lime (ASE02)|7|CL 57C SUR  89B|2025-12-01 00:00:00|18|4|Martes - Viernes|0|ACTIVO|-74.19037338543619|4.62924958928259
Lime (ASE02)|7|CL 51A SUR  89B|2025-12-01 00:00:00|19|4|Martes - Viernes|0|ACTIVO|-74.18288526724817|4.633497625884513
Lime (ASE02)|7|CL 49D SUR  89B|2025-12-01 00:00:00|20|4|Martes - Viernes|0|ACTIVO|-74.18131985272264|4.634120821337903
Lime (ASE02)|7|CL 75A SUR  95A|2025-12-01 00:00:00|21|8|Martes|0|ACTIVO|-74.20674456394202|4.630211813308407
Lime (ASE02)|7|CL 57 SUR  93C|2025-12-01 00:00:00|22|17|Martes - Sábado|0|ACTIVO|-74.19185429009329|4.6332998133921395
Lime (ASE02)|7|CL 63 SUR  92|2025-12-01 00:00:00|23|8|Martes|0|INACTIVO|-74.19619320445564|4.630095354435709
Lime (ASE02)|7|CL 63 SUR  95A|2025-12-01 00:00:00|24|2|Martes - Jueves - Sabado|0|ACTIVO|-74.19796341252614|4.633253738911108
Lime (ASE02)|7|CL 63 SUR  98|2025-12-01 00:00:00|25|2|Martes - Jueves - Sabado|0|ACTIVO|-74.19883522412393|4.6348716078669465
Lime (ASE02)|7|CL 63 SUR  104A BIS|2025-12-01 00:00:00|26|2|Martes - Jueves - Sabado|0|ACTIVO|-74.20133580947281|4.639571044668464
Lime (ASE02)|7|DG 89B SUR TV 80I|2025-12-01 00:00:00|27|1|Lunes - Miercoles - Viernes|0|ACTIVO|-74.21312299765825|4.614692624607339
Lime (ASE02)|7|CL 86 SUR  78A|2025-12-01 00:00:00|28|28|Lunes - Viernes|0|ACTIVO|-74.21181248664428|4.612910877439357
Lime (ASE02)|7|CL 75 SUR  79C|2025-12-01 00:00:00|29|27|Lunes - Miercoles|0|ACTIVO|-74.20332826348226|4.609177397420302
Lime (ASE02)|7|DG 69B SUR  80|2025-12-01 00:00:00|30|11|Viernes|0|ACTIVO|-74.19143469427982|4.60507122800079
Lime (ASE02)|7|CL 73C SUR  77I|2025-12-01 00:00:00|31|11|Viernes|0|ACTIVO|-74.1997351262346|4.60051228469405
Lime (ASE02)|7|CL 78 SUR  77G|2025-12-01 00:00:00|32|2|Martes - Jueves - Sabado|0|ACTIVO|-74.20915686898854|4.606172763030344
Lime (ASE02)|7|CL 82 SUR  77G|2025-12-01 00:00:00|33|2|Martes - Jueves - Sabado|0|ACTIVO|-74.21168780076954|4.609652215140607
Lime (ASE02)|7|CL 88 SUR  77G|2025-12-01 00:00:00|34|2|Martes - Jueves - Sabado|0|ACTIVO|-74.21225271879878|4.61380814452261
Lime (ASE02)|7|CL 94 SUR  77G|2025-12-01 00:00:00|35|2|Martes - Jueves - Sabado|0|ACTIVO|-74.21598027305089|4.614325985454541
Lime (ASE02)|7|CL 73 SUR  86|2025-12-01 00:00:00|36|9|Miercoles|0|ACTIVO|-74.19654854988106|4.616975723113141
Lime (ASE02)|7|DG 73B SUR  79BISA|2025-12-01 00:00:00|37|4|Martes - Viernes|0|ACTIVO|-74.19962329984688|4.6059870499199
Lime (ASE02)|7|CL 55 SUR  82B|2025-12-01 00:00:00|38|1|Lunes - Miercoles - Viernes|0|ACTIVO|-74.17984326557408|4.620072845888903
Lime (ASE02)|7|CL 55 SUR AK 86|2025-12-01 00:00:00|39|7|Lunes|0|INACTIVO|-74.18271621583237|4.621337974693855
Lime (ASE02)|7|CL 55 SUR  86B|2025-12-01 00:00:00|40|1|Lunes - Miercoles - Viernes|0|ACTIVO|-74.18224971584651|4.622873582561592
Lime (ASE02)|7|CL 55 SUR  87C|2025-12-01 00:00:00|41|1|Lunes - Miercoles - Viernes|0|ACTIVO|-74.18415186003593|4.6251283829419245
Lime (ASE02)|7|CL 58C SUR  80|2025-12-01 00:00:00|42|8|Martes|0|ACTIVO|-74.17876367540579|4.6109908556144426
Lime (ASE02)|7|CL 58I SUR  80|2025-12-01 00:00:00|43|8|Martes|0|INACTIVO|-74.17931847930134|4.610112440498614
Lime (ASE02)|7|CL 49 SUR  87A|2025-12-01 00:00:00|44|5|Miercoles - Sabado|0|ACTIVO|-74.17758455779975|4.629118120147317
Lime (ASE02)|19|DG 57C SUR  64|2025-12-01 00:00:00|45|10|Jueves|0|ACTIVO|-74.15601901465475|4.598066459893528
Lime (ASE02)|7|CL 72B SUR  87C|2025-12-01 00:00:00|46|11|Viernes|0|ACTIVO|-74.1986813915675|4.6203246985273765
Lime (ASE02)|7|CL 65A SUR  81|2025-12-01 00:00:00|47|10|Jueves|0|ACTIVO|-74.18758374220253|4.610019014494457
Lime (ASE02)|7|DG 71 SUR  81|2025-12-01 00:00:00|48|10|Jueves|0|ACTIVO|-74.19410628520636|4.610451202120958
Lime (ASE02)|7|CL 69B SUR  87C|2025-12-01 00:00:00|49|11|Viernes|0|INACTIVO|-74.19527551197267|4.621109046802654
Lime (ASE02)|7|CL 62 SUR  87BIS|2025-12-01 00:00:00|50|3|Lunes - Jueves|0|ACTIVO|-74.19004193864863|4.6222218605202645
Lime (ASE02)|7|CL 55 SUR AK 86|2025-12-01 00:00:00|51|7|Lunes|0|INACTIVO|-74.18163853150114|4.622189596349044
Lime (ASE02)|7|CL 56A SUR AK 86|2025-12-01 00:00:00|52|9|Miercoles|0|INACTIVO|-74.18271264664087|4.621337974693855
Lime (ASE02)|7|CL 59 SUR AK 86|2025-12-01 00:00:00|53|2|Martes - Jueves - Sabado|0|ACTIVO|-74.1863366911178|4.61998793447925
Lime (ASE02)|7|CL 71A SUR AK 86|2025-12-01 00:00:00|54|2|Martes - Jueves - Sabado|0|ACTIVO|-74.19587228824749|4.617665967607492
Lime (ASE02)|7|CL 74 SUR AK 86|2025-12-01 00:00:00|55|2|Martes - Jueves - Sabado|0|ACTIVO|-74.19963360621422|4.616584750794344
Lime (ASE02)|7|CL 75 SUR AK 86|2025-12-01 00:00:00|56|8|Martes|0|ACTIVO|-74.1999420297231|4.616509904981942
Lime (ASE02)|7|CL 68 SUR TV 77J|2025-12-01 00:00:00|57|9|Miercoles|0|ACTIVO|-74.18860598696251|4.598642462097464
Lime (ASE02)|7|CL 65A SUR  77J|2025-12-01 00:00:00|58|9|Miercoles|0|ACTIVO|-74.18216800394892|4.598605956399789
Lime (ASE02)|7|CL 65G SUR  77J|2025-12-01 00:00:00|59|9|Miercoles|0|ACTIVO|-74.18467931420277|4.5983951048700415
Lime (ASE02)|7|CL 65I SUR  77J|2025-12-01 00:00:00|60|9|Miercoles|0|ACTIVO|-74.18601745982741|4.598356765711647
Lime (ASE02)|7|DG 63 SUR  87|2025-12-01 00:00:00|61|3|Lunes - Jueves|0|ACTIVO|-74.19109014101339|4.6210222425566805
Lime (ASE02)|19|CL 74A SUR  42|2025-12-01 00:00:00|62|17|Martes - Sábado|0|ACTIVO|-74.16498952952715|4.568039955585373
Lime (ASE02)|19|CL 76S SUR  40|2025-12-01 00:00:00|63|17|Martes - Sábado|0|ACTIVO|-74.16671245805388|4.567402872446088
Lime (ASE02)|19|CL 79 SUR TV 36B|2025-12-01 00:00:00|64|17|Martes - Sábado|0|ACTIVO|-74.1690862752393|4.566114114828379
Lime (ASE02)|19|CL 78 SUR  36|2025-12-01 00:00:00|65|17|Martes - Sábado|0|ACTIVO|-74.16828555892884|4.566284374455749
Lime (ASE02)|19|CL 75B SUR TV 34|2025-12-01 00:00:00|66|17|Martes - Sábado|0|ACTIVO|-74.16737793313084|4.564697940519051
Lime (ASE02)|19|CL 69K SUR TV 22|2025-12-01 00:00:00|67|17|Martes - Sábado|0|ACTIVO|-74.15393707062313|4.552870546649268
Lime (ASE02)|6|CL 59A SUR AK 19|2025-12-01 00:00:00|68|10|Jueves|0|ACTIVO|-74.13858862749753|4.563703295785921
Lime (ASE02)|19|TV 18Q  DG 61A SUR|2025-12-01 00:00:00|69|10|Jueves|0|ACTIVO|-74.1398800305698|4.560023040225067
Lime (ASE02)|19|CL 71B SUR  15D|2025-12-01 00:00:00|70|10|Jueves|0|ACTIVO|-74.13414522265911|4.541226193094211
Lime (ASE02)|19|CL 68 SUR  20|2025-12-01 00:00:00|71|10|Jueves|0|ACTIVO|-74.1495101120656|4.5614025343763
Lime (ASE02)|19|CL 61 SUR  23C|2025-12-01 00:00:00|72|17|Martes - Sábado|0|ACTIVO|-74.1472965874487|4.5696043244633024
Lime (ASE02)|19|CL 62 SUR  24|2025-12-01 00:00:00|73|17|Martes - Sábado|0|ACTIVO|-74.14824528036087|4.569634606358011
Lime (ASE02)|19|CL 65 SUR  22|2025-12-01 00:00:00|74|12|Sabado|0|ACTIVO|-74.1475225814642|4.565787059197375
Lime (ASE02)|19|DG 63B SUR  19C|2025-12-01 00:00:00|75|8|Martes|0|INACTIVO|-74.14443244954195|4.560814387645855
Lime (ASE02)|19|DG 62 SUR  20D|2025-12-01 00:00:00|76|10|Jueves|0|INACTIVO|-74.14319968004125|4.565185005983988
Lime (ASE02)|19|CL 70 BIS SUR  17C|2025-12-01 00:00:00|77|8|Martes|0|ACTIVO|-74.1383059175453|4.548454755833158
Lime (ASE02)|19|CL 76 SUR  15D|2025-12-01 00:00:00|78|10|Jueves|0|ACTIVO|-74.13602276653484|4.5397891111539925
Lime (ASE02)|19|CL 70 SUR  17 F|2025-12-01 00:00:00|79|8|Martes|0|ACTIVO|-74.13971903295749|4.547977843024896
Lime (ASE02)|19|DG 68C SUR  18X|2025-12-01 00:00:00|80|29|Martes - Jueves|0|ACTIVO|-74.1497294186223|4.557287486822416
Lime (ASE02)|19|DG 65D SUR  18A|2025-12-01 00:00:00|81|12|Sabado|0|ACTIVO|-74.14365698123994|4.553127757035888
Lime (ASE02)|19|CL 61 SUR TV 28|2025-12-01 00:00:00|82|28|Lunes - Viernes|0|ACTIVO|-74.14786472086325|4.570211861105734
Lime (ASE02)|19|CL 58C SUR  41|2025-12-01 00:00:00|83|28|Lunes - Viernes|0|ACTIVO|-74.14995932230309|4.5742494808045295
Lime (ASE02)|19|CL 58C SUR  45A|2025-12-01 00:00:00|84|28|Lunes - Viernes|0|ACTIVO|-74.15068547295253|4.576320097281964
Lime (ASE02)|19|CL 59C SUR AK  51|2025-12-01 00:00:00|85|28|Lunes - Viernes|0|INACTIVO|-74.1554043954563|4.580881838911511
Lime (ASE02)|19|CL 59 SUR  22B|2025-12-01 00:00:00|86|28|Lunes - Viernes|0|ACTIVO|-74.14349007405788|4.569648173363489
Lime (ASE02)|19|CL 62B SUR  70C|2025-12-01 00:00:00|87|5|Miercoles - Sabado|0|ACTIVO|-74.163020123213|4.59050482731335
Lime (ASE02)|19|CL 68 SUR  48|2025-12-01 00:00:00|88|5|Miercoles - Sabado|0|ACTIVO|-74.1553676208453|4.576268042084458
Lime (ASE02)|19|CL 61 SUR  23C|2025-12-01 00:00:00|89|27|Lunes - Miercoles|0|INACTIVO|-74.14728587987416|4.5696043244633024
Lime (ASE02)|19|CL 61 SUR  22G|2025-12-01 00:00:00|90|5|Miercoles - Sabado|0|ACTIVO|-74.14660824709557|4.56908619553219
Lime (ASE02)|19|CL 61 SUR  22|2025-12-01 00:00:00|91|5|Miercoles - Sabado|0|ACTIVO|-74.14416308798661|4.5673695641333545
Lime (ASE02)|19|CL 60A SUR  63A|2025-12-01 00:00:00|92|9|Miercoles|0|ACTIVO|-74.15468108973242|4.590698133091248
Lime (ASE02)|19|CL 61 SUR TV 28|2025-12-01 00:00:00|93|11|Viernes|0|INACTIVO|-74.14786591085958|4.570216620378439
Lime (ASE02)|19|CL 58C SUR  41|2025-12-01 00:00:00|94|7|Lunes|0|INACTIVO|-74.14995932230309|4.574256619187547
Lime (ASE02)|19|CL 58C SUR  45A|2025-12-01 00:00:00|95|7|Lunes|0|INACTIVO|-74.15067833456952|4.576320097281964
Lime (ASE02)|19|CL 59C SUR  51|2025-12-01 00:00:00|96|9|Miercoles|0|INACTIVO|-74.1554008262648|4.580885408103019
Lime (ASE02)|19|CL 59 SUR  22B|2025-12-01 00:00:00|97|11|Viernes|0|INACTIVO|-74.14347965197912|4.569646410916063
Lime (ASE02)|19|CL 64 SUR  18M|2025-12-01 00:00:00|98|9|Miercoles|0|ACTIVO|-74.14192490778073|4.55533364793774
Lime (ASE02)|19|CL 59A SUR  76|2025-12-01 00:00:00|99|28|Lunes - Viernes|0|ACTIVO|-74.17913236734326|4.592849092565524
Lime (ASE02)|18|CL 50A   5D|2025-12-01 00:00:00|100|1|Lunes - Miercoles - Viernes|0|ACTIVO|-74.11317338284073|4.5460647977474125
Lime (ASE02)|18|DG 32H SUR  13A|2025-12-01 00:00:00|101|2|Martes - Jueves - Sabado|0|ACTIVO|-74.11349601156935|4.572424321135665
Lime (ASE02)|18|CL 36H SUR  11C|2025-12-01 00:00:00|102|2|Martes - Jueves - Sabado|0|ACTIVO|-74.10938372504812|4.566754925638405
Lime (ASE02)|18|CL 27 SUR  11|2025-12-01 00:00:00|103|2|Martes - Jueves - Sabado|0|ACTIVO|-74.10006030842614|4.573832414166618
Lime (ASE02)|18|CL 27 SUR  12|2025-12-01 00:00:00|104|2|Martes - Jueves - Sabado|0|ACTIVO|-74.1010288798611|4.574580737965935
Lime (ASE02)|18|CL 27 SUR  13|2025-12-01 00:00:00|105|2|Martes - Jueves - Sabado|0|ACTIVO|-74.10639129488729|4.5788302660717495
Lime (ASE02)|18|CL 49D SUR TV 5B BIS|2025-12-01 00:00:00|106|1|Lunes - Miercoles - Viernes|0|ACTIVO|-74.11354529277611|4.546527464266354
Lime (ASE02)|18|CL 50A   5D|2025-12-01 00:00:00|107|7|Lunes|0|INACTIVO|-74.1131662444577|4.546057659364395
Lime (ASE02)|18|CL 53 SUR   4M|2025-12-01 00:00:00|108|1|Lunes - Miercoles - Viernes|0|ACTIVO|-74.11750203020766|4.542901345863483
Lime (ASE02)|18|CL 48Q SUR  5A|2025-12-01 00:00:00|109|1|Lunes - Miercoles - Viernes|0|ACTIVO|-74.10893086118546|4.551009149703045
Lime (ASE02)|18|CL 48 SUR  5C|2025-12-01 00:00:00|110|7|Lunes|0|INACTIVO|-74.11091682985202|4.560725453483331
Lime (ASE02)|18|CL 48U BIS SUR  5B BIS|2025-12-01 00:00:00|111|1|Lunes - Miercoles - Viernes|0|ACTIVO|-74.11081558257337|4.549512138908679
Lime (ASE02)|18|CL 48M SUR  5A|2025-12-01 00:00:00|112|1|Lunes - Miercoles - Viernes|0|INACTIVO|-74.10843783846654|4.5539728343381665
Lime (ASE02)|18|CL 48L SUR TV 5A|2025-12-01 00:00:00|113|1|Lunes - Miercoles - Viernes|0|ACTIVO|-74.10836662842873|4.5545634047386185
Lime (ASE02)|18|CL 48Q SUR  2|2025-12-01 00:00:00|114|1|Lunes - Miercoles - Viernes|0|ACTIVO|-74.10500523577991|4.5485527815204
Lime (ASE02)|18|CL 48P SUR  5H|2025-12-01 00:00:00|115|1|Lunes - Miercoles - Viernes|0|ACTIVO|-74.11200325575028|4.554923899905592
Lime (ASE02)|18|DG 32B SUR  17|2025-12-01 00:00:00|116|2|Martes - Jueves - Sabado|0|ACTIVO|-74.11496915263382|4.577349939966046
Lime (ASE02)|18|CL 30 SUR  15|2025-12-01 00:00:00|117|2|Martes - Jueves - Sabado|0|ACTIVO|-74.11003581640834|4.578457063042474
Lime (ASE02)|18|CL 27A SUR  12B|2025-12-01 00:00:00|118|2|Martes - Jueves - Sabado|0|ACTIVO|-74.10222227050838|4.57541282993739
Lime (ASE02)|18|CL 32A SUR  14D|2025-12-01 00:00:00|119|2|Martes - Jueves - Sabado|0|ACTIVO|-74.11432809423572|4.577117872665927
Lime (ASE02)|18|CL 32 SUR  15C|2025-12-01 00:00:00|120|2|Martes - Jueves - Sabado|0|ACTIVO|-74.11015121056789|4.57879575950503
Lime (ASE02)|18|DG 50 SUR  5L|2025-12-01 00:00:00|121|28|Lunes - Viernes|0|ACTIVO|-74.11796500864264|4.551865960992257
Lime (ASE02)|18|DG 48J SUR  5A|2025-12-01 00:00:00|122|28|Lunes - Viernes|0|ACTIVO|-74.1079083807094|4.5569245821381275
Lime (ASE02)|18|DG 32B SUR  16A|2025-12-01 00:00:00|123|2|Martes - Jueves - Sabado|0|ACTIVO|-74.11486568378433|4.577122282255124
Lime (ASE02)|15|CL 1   13|2025-12-01 00:00:00|124|6|Lunes a Sabado|0|ACTIVO|-74.08788929032488|4.591060514474693
Lime (ASE02)|15|CL 1   15|2025-12-01 00:00:00|125|6|Lunes a Sabado|0|ACTIVO|-74.09137666525066|4.592591569893234
Lime (ASE02)|14|CL 1   27|2025-12-01 00:00:00|126|6|Lunes a Sabado|0|ACTIVO|-74.1025240421662|4.595550399875904
Lime (ASE02)|15|KR 27   23 SUR|2025-12-01 00:00:00|127|6|Lunes a Sabado|0|ACTIVO|-74.10965321555955|4.589018754915241
Lime (ASE02)|18|CL 36 SUR  27|2025-12-01 00:00:00|128|7|Lunes|0|ACTIVO|-74.12171369497267|4.584774490509117
Lime (ASE02)|18|CL 36 SUR  25|2025-12-01 00:00:00|129|7|Lunes|0|ACTIVO|-74.11962808695962|4.58284540325816
Lime (ASE02)|18|KR 24   44 SUR|2025-12-01 00:00:00|130|7|Lunes|0|ACTIVO|-74.12550636934057|4.579470290498908
Lime (ASE02)|15|CL 31 SUR  27|2025-12-01 00:00:00|131|12|Sabado|0|ACTIVO|-74.11539424972428|4.5887446469056625
Lime (ASE02)|15|CL 11 SUR  24A|2025-12-01 00:00:00|132|12|Sabado|0|ACTIVO|-74.09985384255369|4.590732239999305
Lime (ASE02)|15|CL 11 SUR  24|2025-12-01 00:00:00|133|12|Sabado|0|ACTIVO|-74.09965649541773|4.5904764553896085
Lime (ASE02)|18|CL 30 SUR  27|2025-12-01 00:00:00|134|12|Sabado|0|ACTIVO|-74.1144055041257|4.588389341494771
Lime (ASE02)|15|CL 13 SUR  22|2025-12-01 00:00:00|135|12|Sabado|0|INACTIVO|-74.09944845677812|4.588687018823862
Lime (ASE02)|15|KR 24   3 SUR|2025-12-01 00:00:00|136|12|Sabado|0|ACTIVO|-74.096871684869|4.593482342109475
Lime (ASE02)|15|KR 24   3A SUR|2025-12-01 00:00:00|137|12|Sabado|0|ACTIVO|-74.09691368953659|4.5932554293963985
Lime (ASE02)|15|KR 24   4 SUR|2025-12-01 00:00:00|138|12|Sabado|0|ACTIVO|-74.09715148734323|4.592886649302567
Lime (ASE02)|15|KR 30   27 SUR|2025-12-01 00:00:00|139|12|Sabado|0|ACTIVO|-74.11310426452329|4.5938606074088595
Lime (ASE02)|15|KR 30   28 SUR|2025-12-01 00:00:00|140|12|Sabado|0|ACTIVO|-74.1137446427272|4.5933079777924934
Lime (ASE02)|15|KR 30   29 SUR|2025-12-01 00:00:00|141|12|Sabado|0|ACTIVO|-74.1144509744496|4.592878899302546
Lime (ASE02)|18|KR 27   38 SUR|2025-12-01 00:00:00|142|17|Martes - Sábado|0|ACTIVO|-74.12192666465172|4.584632613480329
Lime (ASE02)|15|AC 22 SUR   11|2025-12-01 00:00:00|143|10|Jueves|0|ACTIVO|-74.09676685169593|4.577618458899213
Lime (ASE02)|18|AC 23 SUR   15|2025-12-01 00:00:00|144|10|Jueves|0|ACTIVO|-74.10289074440445|4.581656877753436
Lime (ASE02)|15|AC 24 SUR   16|2025-12-01 00:00:00|145|10|Jueves|0|ACTIVO|-74.10303954976794|4.581925753182602
Lime (ASE02)|15|AC 25 SUR   17|2025-12-01 00:00:00|146|10|Jueves|0|ACTIVO|-74.1035323044942|4.5826172750169905
Lime (ASE02)|15|AC 26 SUR   12|2025-12-01 00:00:00|147|10|Jueves|0|ACTIVO|-74.098013684664|4.5782596914757745
Lime (ASE02)|19|CL 60G SUR  16C|2025-12-01 00:00:00|148|11|Viernes|0|INACTIVO|-74.13540020438144|4.558402034300456
Lime (ASE02)|6|KR 18C   55 SUR|2025-12-01 00:00:00|149|11|Viernes|0|ACTIVO|-74.13217422936489|4.566694607396367
Lime (ASE02)|6|CL 53A SUR  11|2025-12-01 00:00:00|150|11|Viernes|0|INACTIVO|-74.12517894224952|4.55831538805073
Lime (ASE02)|6|KR 16B   59 SUR|2025-12-01 00:00:00|151|1|Lunes - Miercoles - Viernes|0|INACTIVO|-74.13247328362476|4.561778658289367
Lime (ASE02)|6|KR 16B   59A SUR|2025-12-01 00:00:00|152|6|Lunes a Sabado|0|ACTIVO|-74.13297332806697|4.561280176829463
Lime (ASE02)|16|CL 22  AK 68|2025-12-01 00:00:00|153|7|Lunes|0|ACTIVO|-74.11026397931452|4.644850204822284
Lime (ASE02)|13|KR 27   63|2025-12-01 00:00:00|154|7|Lunes|0|INACTIVO|-74.0744065092715|4.651206627439475
Lime (ASE02)|13|DG 61   27|2025-12-01 00:00:00|155|11|Viernes|0|INACTIVO|-74.07519890037045|4.646165349169672
Lime (ASE02)|13|AC 63   17|2025-12-01 00:00:00|156|7|Lunes|0|ACTIVO|-74.06766487311384|4.649915116177962
Lime (ASE02)|13|KR 24   62|2025-12-01 00:00:00|157|8|Martes|0|INACTIVO|-74.072516522911|4.65014699160227
Lime (ASE02)|13|KR 24   57|2025-12-01 00:00:00|158|8|Martes|0|INACTIVO|-74.07247463081731|4.645266401204522
Lime (ASE02)|13|KR 24   54|2025-12-01 00:00:00|159|8|Martes|0|INACTIVO|-74.07264756459273|4.644495094781888
Lime (ASE02)|13|KR 24   49|2025-12-01 00:00:00|160|8|Martes|0|ACTIVO|-74.074736755708|4.637803864853035
Lime (ASE02)|13|KR 17   50|2025-12-01 00:00:00|161|1|Lunes - Miercoles - Viernes|0|INACTIVO|-74.0698172950705|4.637982951445427
Lime (ASE02)|13|AK 14   59|2025-12-01 00:00:00|162|10|Jueves|0|ACTIVO|-74.06542384328941|4.646250859491287
Lime (ASE02)|13|AK 14   31|2025-12-01 00:00:00|163|10|Jueves|0|ACTIVO|-74.07137907004233|4.618500045265039
Lime (ASE02)|14|CL 26   19|2025-12-01 00:00:00|164|17|Martes - Sábado|0|ACTIVO|-74.07515782859753|4.618222987087676
Lime (ASE02)|13|CL 26   39|2025-12-01 00:00:00|165|17|Martes - Sábado|0|ACTIVO|-74.08788742105331|4.63332228250662
Lime (ASE02)|13|CL 26   30|2025-12-01 00:00:00|166|17|Martes - Sábado|0|INACTIVO|-74.08164459990282|4.627170750491854
Lime (ASE02)|16|KR 30   7|2025-12-01 00:00:00|167|1|Lunes - Miercoles - Viernes|0|ACTIVO|-74.09702466519289|4.607667662344049
Lime (ASE02)|14|KR 27   10|2025-12-01 00:00:00|168|1|Lunes - Miercoles - Viernes|0|ACTIVO|-74.09235500790301|4.608281101440499
Lime (ASE02)|14|CL 5   24|2025-12-01 00:00:00|169|1|Lunes - Miercoles - Viernes|0|ACTIVO|-74.09438731014498|4.600892596278528
Lime (ASE02)|14|KR 24   11|2025-12-01 00:00:00|170|1|Lunes - Miercoles - Viernes|0|ACTIVO|-74.08980734234906|4.607897212268966
Lime (ASE02)|14|CL 11   20|2025-12-01 00:00:00|171|1|Lunes - Miercoles - Viernes|0|ACTIVO|-74.08729176954415|4.606247092896617
Lime (ASE02)|14|CL 13   15|2025-12-01 00:00:00|172|1|Lunes - Miercoles - Viernes|0|ACTIVO|-74.08044179448848|4.604364520775033
Lime (ASE02)|14|AK 14   7|2025-12-01 00:00:00|173|1|Lunes - Miercoles - Viernes|0|ACTIVO|-74.0837690720487|4.598144963603156
Lime (ASE02)|15|CL 1   15|2025-12-01 00:00:00|174|1|Lunes - Miercoles - Viernes|0|INACTIVO|-74.09138380363368|4.592591569893234
Lime (ASE02)|14|KR 19   5|2025-12-01 00:00:00|175|1|Lunes - Miercoles - Viernes|0|ACTIVO|-74.0904354602947|4.598946824105298
Lime (ASE02)|14|KR 18   7|2025-12-01 00:00:00|176|1|Lunes - Miercoles - Viernes|0|ACTIVO|-74.0872291428764|4.600534793771587
Lime (ASE02)|14|KR 17   15|2025-12-01 00:00:00|177|1|Lunes - Miercoles - Viernes|0|ACTIVO|-74.08144316466236|4.60726427933098
Lime (ASE02)|14|CL 19   15|2025-12-01 00:00:00|178|1|Lunes - Miercoles - Viernes|0|ACTIVO|-74.07696901529152|4.609320557263143
Lime (ASE02)|14|CL 22   18|2025-12-01 00:00:00|179|1|Lunes - Miercoles - Viernes|0|ACTIVO|-74.078301325972|4.6131694276060315
Lime (ASE02)|14|KR 17   22|2025-12-01 00:00:00|180|1|Lunes - Miercoles - Viernes|0|ACTIVO|-74.0776423833061|4.612612711736757
Lime (ASE02)|14|KR 27   23A|2025-12-01 00:00:00|181|1|Lunes - Miercoles - Viernes|0|ACTIVO|-74.08110626868388|4.621381754023766
Lime (ASE02)|14|DG 24 BIS  27|2025-12-01 00:00:00|182|1|Lunes - Miercoles - Viernes|0|INACTIVO|-74.0805023413729|4.621880377374531
Lime (ASE02)|14|DG 19A   19|2025-12-01 00:00:00|183|6|Lunes a Sabado|0|ACTIVO|-74.0807553075448|4.612175864354254
Lime (ASE02)|14|DG 19A   20|2025-12-01 00:00:00|184|6|Lunes a Sabado|0|ACTIVO|-74.0812124130779|4.614225571915662
Lime (ASE02)|14|DG 19A   21|2025-12-01 00:00:00|185|6|Lunes a Sabado|0|ACTIVO|-74.08201342135885|4.6157418078266215
Lime (ASE02)|14|DG 19A   22|2025-12-01 00:00:00|186|6|Lunes a Sabado|0|ACTIVO|-74.0835344554058|4.614518133968663
Lime (ASE02)|16|KR 51   16|2025-12-01 00:00:00|187|8|Martes|0|INACTIVO|-74.10553044099026|4.6297068541576785
Lime (ASE02)|16|KR 36A   20|2025-12-01 00:00:00|188|8|Martes|0|ACTIVO|-74.0908990431781|4.6250597521159715
Lime (ASE02)|13|KR 36  AC 23|2025-12-01 00:00:00|189|8|Martes|0|INACTIVO|-74.09097701981645|4.626034078167719
Lime (ASE02)|13|KR 32  AC 23|2025-12-01 00:00:00|190|8|Martes|0|ACTIVO|-74.0865165710635|4.625588363736363
Lime (ASE02)|14|KR 30   22|2025-12-01 00:00:00|191|8|Martes|0|ACTIVO|-74.0864445589801|4.6206156997326655
Lime (ASE02)|16|CL 13   30|2025-12-01 00:00:00|192|8|Martes|0|INACTIVO|-74.09215049859517|4.614193450504978
Lime (ASE02)|16|CL 29A SUR TV 35A|2025-12-01 00:00:00|193|10|Jueves|0|ACTIVO|-74.11775437034979|4.596053325020619
Lime (ASE02)|16|DG 16 SUR  38|2025-12-01 00:00:00|194|10|Jueves|0|INACTIVO|-74.11510597197578|4.60039823872993
Lime (ASE02)|16|KR 52   1 SUR|2025-12-01 00:00:00|195|10|Jueves|0|INACTIVO|-74.12032836294435|4.6095447018583275
Lime (ASE02)|16|CL 8 SUR  67|2025-12-01 00:00:00|196|10|Jueves|0|ACTIVO|-74.1244807863156|4.618365202592274
Lime (ASE02)|16|KR 50  AC 45 SUR|2025-12-01 00:00:00|197|10|Jueves|0|ACTIVO|-74.12669380103038|4.593626254722347
Lime (ASE02)|16|CL 6   31|2025-12-01 00:00:00|198|12|Sabado|0|ACTIVO|-74.09876041959282|4.6072722469710685
Lime (ASE02)|16|CL 6   42|2025-12-01 00:00:00|199|12|Sabado|0|ACTIVO|-74.10567049103982|4.618952379460375
Lime (ASE02)|16|CL 6   44|2025-12-01 00:00:00|200|12|Sabado|0|INACTIVO|-74.10594041181207|4.620742355373879
Lime (ASE02)|16|CL 6   47|2025-12-01 00:00:00|201|12|Sabado|0|INACTIVO|-74.10680474564998|4.623303836329582
Lime (ASE02)|16|TV 42   5|2025-12-01 00:00:00|202|12|Sabado|0|INACTIVO|-74.10837330964125|4.617781168621034
Lime (ASE02)|16|TV 42   12|2025-12-01 00:00:00|203|12|Sabado|0|INACTIVO|-74.10179256097868|4.619856860502928
Lime (ASE02)|16|KR 36   2B|2025-12-01 00:00:00|204|12|Sabado|0|INACTIVO|-74.10771824169446|4.606859142831422
Lime (ASE02)|16|KR 32   1H|2025-12-01 00:00:00|205|12|Sabado|0|INACTIVO|-74.10542976987968|4.603299908750008
Lime (ASE02)|16|CL 18   57|2025-12-01 00:00:00|206|6|Lunes a Sabado|0|INACTIVO|-74.108098274975|4.633616737023851
Lime (ASE02)|16|CL 18   58|2025-12-01 00:00:00|207|6|Lunes a Sabado|0|INACTIVO|-74.10873665751078|4.634112321669483
Lime (ASE02)|16|CL 18   59|2025-12-01 00:00:00|208|6|Lunes a Sabado|0|INACTIVO|-74.10908734501385|4.634374703407341
Lime (ASE02)|6|CL 64 SUR  64|2025-12-01 00:00:00|209|11|Viernes|0|INACTIVO|-74.15414604041285|4.59010983098198
Lime (ASE02)|6|DG 51A SUR  60|2025-12-01 00:00:00|210|11|Viernes|0|ACTIVO|-74.14517858134236|4.589841539035283
Lime (ASE02)|6|KR 32  DG 51 A SUR|2025-12-01 00:00:00|211|11|Viernes|0|ACTIVO|-74.13647998556208|4.583920273553082
Lime (ASE02)|6|CL 50B SUR  37|2025-12-01 00:00:00|212|11|Viernes|0|ACTIVO|-74.1376160099169|4.58845979800801
Lime (ASE02)|6|KR 54  TV 44 SUR|2025-12-01 00:00:00|213|11|Viernes|0|INACTIVO|-74.1410123694309|4.595222602342208
Lime (ASE02)|6|TV 44  AC 56 SUR|2025-12-01 00:00:00|214|11|Viernes|0|ACTIVO|-74.1441960645622|4.58679886187588
Lime (ASE02)|19|KR 19   60B SUR|2025-12-01 00:00:00|215|9|Miercoles|0|ACTIVO|-74.13861561598503|4.56175111466014
Lime (ASE02)|19|KR 19   59A SUR|2025-12-01 00:00:00|216|9|Miercoles|0|ACTIVO|-74.13904631115952|4.563616779184527
Lime (ASE02)|19|CL 71B SUR  15|2025-12-01 00:00:00|217|9|Miercoles|0|ACTIVO|-74.13361155568873|4.540292513549315
Lime (ASE02)|19|CL 61 SUR  18T|2025-12-01 00:00:00|218|9|Miercoles|0|ACTIVO|-74.13928880579302|4.561632843631407
Lime (ASE02)|6|KR  19  DG 56 BIS SUR|2025-12-01 00:00:00|219|9|Miercoles|0|ACTIVO|-74.13748322277122|4.568411216259243
Lime (ASE02)|15|CL 51 SUR   12A SUR|2025-12-01 00:00:00|220|6|Lunes a Sabado|0|ACTIVO|-74.0955521949022|4.585297651456921
Lime (ASE02)|18|AK 14   27 SUR|2025-12-01 00:00:00|221|6|Lunes a Sabado|0|ACTIVO|-74.1068586022206|4.578896839640935
Lime (ASE02)|18|AK 14   36 SUR|2025-12-01 00:00:00|222|6|Lunes a Sabado|0|ACTIVO|-74.11790049603812|4.576141347299796
Lime (ASE02)|18|AK 14   44 SUR|2025-12-01 00:00:00|223|6|Lunes a Sabado|0|ACTIVO|-74.12324992928966|4.574532542952768
Lime (ASE02)|6|TV 14   51 SUR|2025-12-01 00:00:00|224|6|Lunes a Sabado|0|ACTIVO|-74.12681754059928|4.566212416192342
Lime (ASE02)|6|TV 14  DG 49A SUR|2025-12-01 00:00:00|225|6|Lunes a Sabado|0|ACTIVO|-74.12645274960853|4.567910159552963
Lime (ASE02)|19|CL 69C SUR KR 17D|2025-12-01 00:00:00|226|28|Lunes - Viernes|0|ACTIVO|-74.1392570680424|4.5491646826613605
Área Límpia (ASE05)|11|CALLE 129 CON CARRERA 54|2025-12-01 00:00:00|4|6|Lunes a Sabado|0|ACTIVO|-74.061898|4.716561
Área Límpia (ASE05)|11|CARRERA 55 CON CALLE 128A|2025-12-01 00:00:00|6|6|Lunes a Sabado|0|ACTIVO|-74.06394|4.71409
Área Límpia (ASE05)|11|CALLE 169 CON CARRERA 45A|2025-12-01 00:00:00|9|6|Lunes a Sabado|0|ACTIVO|-74.04758329|4.750411677
Área Límpia (ASE05)|11|CARRERA 58 CON CALLE 166|2025-12-01 00:00:00|10|6|Lunes a Sabado|0|ACTIVO|-74.05932395|4.748516326
Área Límpia (ASE05)|11|CARRERA 102A CON CALLE 129D|2025-12-01 00:00:00|24|6|Lunes a Sabado|0|ACTIVO|-74.09924734|4.730939312
Área Límpia (ASE05)|11|CARRERA 96A CON CALLE 139|2025-12-01 00:00:00|25|6|Lunes a Sabado|0|ACTIVO|-74.090156|4.738725
Área Límpia (ASE05)|11|CARRERA 99 CON CALLE 159|2025-12-01 00:00:00|29|6|Lunes a Sabado|0|ACTIVO|-74.084781|4.75796
Área Límpia (ASE05)|11|AV. CIUDAD DE CALI CON CALLE 162|2025-12-01 00:00:00|31|6|Lunes a Sabado|0|ACTIVO|-74.09046339935472|4.757723477111319
Área Límpia (ASE05)|11|CARRERA 91 CON CALLE 128 BIS|2025-12-01 00:00:00|32|6|Lunes a Sabado|0|ACTIVO|-74.09013503|4.720269187
Área Límpia (ASE05)|11|TV 92 BIS CON CALLE 129C BIS|2025-12-01 00:00:00|33|6|Lunes a Sabado|0|INACTIVO|-74.09055295|4.725808653
Área Límpia (ASE05)|11|CALLE 129C CON CARRERAS 99A|2025-12-01 00:00:00|35|6|Lunes a Sabado|0|ACTIVO|-74.09675894|4.729044937
Área Límpia (ASE05)|11|CARRERA 89 CON CALLE 130D|2025-12-01 00:00:00|36|6|Lunes a Sabado|0|ACTIVO|-74.0872736405676|4.7269364377295835
Área Límpia (ASE05)|11|CALLE 142 CON CARRERA 148B|2025-12-01 00:00:00|37|6|Lunes a Sabado|0|ACTIVO|-74.11987064|4.74809451
Área Límpia (ASE05)|11|CARRERA 152 CON CALLE 130A|2025-12-01 00:00:00|39|6|Lunes a Sabado|0|INACTIVO|-74.12205553|4.741462656
Área Límpia (ASE05)|11|CARRERA 149A CON CALLE 142C|2025-12-01 00:00:00|41|6|Lunes a Sabado|0|ACTIVO|-74.1192917595|4.750640342499999
Área Límpia (ASE05)|11|CALLE 130A CON CARRERA 135|2025-12-01 00:00:00|42|6|Lunes a Sabado|0|ACTIVO|-74.11638443035532|4.740841147169815
Área Límpia (ASE05)|11|CALLE 139 CON CARRERA 127B A LA CARRERA 132|2025-12-01 00:00:00|46|6|Lunes a Sabado|100|ACTIVO|-74.11258889924125|4.746563495831981
Área Límpia (ASE05)|11|CALLE 138D BIS CON CARRERA 151|2025-12-01 00:00:00|49|6|Lunes a Sabado|0|INACTIVO|-74.12221475|4.747031254
Área Límpia (ASE05)|11|CALLE 132D CON CARRERA 148B ESQUINA|2025-12-01 00:00:00|52|6|Lunes a Sabado|0|INACTIVO|-74.11910955|4.744565422
Área Límpia (ASE05)|11|CARRERA 136A CON CALLE 142|2025-12-01 00:00:00|53|6|Lunes a Sabado|0|ACTIVO|-74.11344|4.747477
Área Límpia (ASE05)|11|CALLE 132 CON CARRERA 136|2025-12-01 00:00:00|54|6|Lunes a Sabado|0|INACTIVO|-74.115808|4.74197
Área Límpia (ASE05)|11|CALLE 132B CON CARRERA 129A|2025-12-01 00:00:00|55|6|Lunes a Sabado|0|ACTIVO|-74.11317505503462|4.741913129779892
Área Límpia (ASE05)|11|CALLE 142B BIS CON CARRERA 141|2025-12-01 00:00:00|56|6|Lunes a Sabado|0|ACTIVO|-74.11464815|4.749137685
Área Límpia (ASE05)|11|CALLE 142 CON CARRERA 128|2025-12-01 00:00:00|59|6|Lunes a Sabado|0|INACTIVO|-74.110174|4.747208
Área Límpia (ASE05)|11|CARRERA 119D CON CALLE 129|2025-12-01 00:00:00|60|6|Lunes a Sabado|0|ACTIVO|-74.10418288|4.731840843
Área Límpia (ASE05)|11|CALLE 134 CON CARRERA 46|2025-12-01 00:00:00|70|6|Lunes a Sabado|0|ACTIVO|-74.05382985|4.718968209
Área Límpia (ASE05)|11|AVENIDA CIUDAD DE CALI CON CRA 91 HASTA CLL 129|2025-12-01 00:00:00|71|6|Lunes a Sabado|0|ACTIVO|-74.10079448|4.729823584
Área Límpia (ASE05)|11|Calle 137 con carrera 129|2025-12-01 00:00:00|75|6|Lunes a Sabado|0|INACTIVO|-74.111585|4.744899
Área Límpia (ASE05)|11|Calle 135 B con Transversal 126|2025-12-01 00:00:00|77|6|Lunes a Sabado|0|INACTIVO|-74.108167|4.742553
Área Límpia (ASE05)|11|DIAGONAL 129B CON CARRERA 122C BIS|2025-12-01 00:00:00|78|6|Lunes a Sabado|0|ACTIVO|-74.10900552|4.732919005
Área Límpia (ASE05)|11|CALLE 142 CON CARRERA 145|2025-12-01 00:00:00|80|6|Lunes a Sabado|0|ACTIVO|-74.11700438|4.747896248
Área Límpia (ASE05)|11|CALLE 139 CON CARRERA 145|2025-12-01 00:00:00|86|6|Lunes a Sabado|0|ACTIVO|-74.11719563|4.747187273
Área Límpia (ASE05)|11|CARRERA 141B CON DIAGONAL 149|2025-12-01 00:00:00|87|6|Lunes a Sabado|0|ACTIVO|-74.11355858|4.75677967
Área Límpia (ASE05)|11|CARRERA 51A CALLE 127C|2025-12-01 00:00:00|89|6|Lunes a Sabado|0|ACTIVO|-74.0587602|4.711598487
Área Límpia (ASE05)|11|CALLE 134 CON CARRERA 47 COSTADO|2025-12-01 00:00:00|91|6|Lunes a Sabado|0|ACTIVO|-74.05464777|4.719064242
Área Límpia (ASE05)|11|CALLE 129C CON CARRERA 88 D|2025-12-01 00:00:00|92|6|Lunes a Sabado|0|ACTIVO|-74.08758318|4.724591662
Área Límpia (ASE05)|11|CALLE 132 CON CARRERA 107B|2025-12-01 00:00:00|93|6|Lunes a Sabado|0|ACTIVO|-74.10212071|4.736868654
Área Límpia (ASE05)|11|TRANSVERSAL 127 CON DIAGONAL 140 AL OCCIDENTE DEL CAÃO|2025-12-01 00:00:00|94|6|Lunes a Sabado|0|ACTIVO|-74.10770833|4.746546939
Área Límpia (ASE05)|11|CALLE 132 CON CARRERA 147 A|2025-12-01 00:00:00|95|6|Lunes a Sabado|0|INACTIVO|-74.11867835|4.743895849
Área Límpia (ASE05)|11|CALLE 143 CON CARRERA 136 A EN EL SEPARADOR|2025-12-01 00:00:00|98|6|Lunes a Sabado|0|INACTIVO|-74.11233056|4.749735287
Área Límpia (ASE05)|11|CALLE 132 CON CARRERA 124|2025-12-01 00:00:00|101|6|Lunes a Sabado|0|ACTIVO|-74.10736875|4.738925395
Área Límpia (ASE05)|11|CARRERA 160 CON CALLE 136F|2025-12-01 00:00:00|102|6|Lunes a Sabado|0|ACTIVO|-74.1299716|4.743598841
Área Límpia (ASE05)|11|CALLE 153 CON CARRERA 114b|2025-12-01 00:00:00|103|6|Lunes a Sabado|0|ACTIVO|-74.09854224|4.758060354
Área Límpia (ASE05)|11|CALLE 140A CON CARRERA 103B|2025-12-01 00:00:00|104|6|Lunes a Sabado|0|ACTIVO|-74.09601002|4.742344436
Área Límpia (ASE05)|11|CALLE 142 CON 108b|2025-12-01 00:00:00|105|6|Lunes a Sabado|0|ACTIVO|-74.09935327|4.745988065
Área Límpia (ASE05)|11|CARRERA 70 CON CALLE 94A|2025-12-01 00:00:00|106|6|Lunes a Sabado|0|INACTIVO|-74.07984006|4.690749992
Área Límpia (ASE05)|11|CALLE 135 CON KR 154|2025-12-01 00:00:00|108|6|Lunes a Sabado|0|ACTIVO|-74.12494397305029|4.743508606696786
Área Límpia (ASE05)|11|CARRERA 58 ENTRE 170 Y 175|2025-12-01 00:00:00|90|6|Lunes a Sabado|0|ACTIVO|-74.05775350252377|4.754963449885395
Área Límpia (ASE05)|11|CARRERA 101 CON CALLE 155|2025-12-01 00:00:00|109|6|Lunes a Sabado|0|ACTIVO|-74.08817020092351|4.754910962318239
Área Límpia (ASE05)|11|CARRERA 118 CON CALLE 139 ESQUINA|2025-12-01 00:00:00|110|6|Lunes a Sabado|0|ACTIVO|-74.10645620906156|4.74450467678606
Área Límpia (ASE05)|11|CARRERA 99  CON CALLE 154|2025-12-01 00:00:00|111|6|Lunes a Sabado|0|ACTIVO|-74.08669385389383|4.753361122935657
Área Límpia (ASE05)|11|CALLE 130B CON CARRERA 118|2025-12-01 00:00:00|112|6|Lunes a Sabado|0|ACTIVO|-74.10341001029084|4.73367729832131
Área Límpia (ASE05)|11|CARRERA 58 ENTRE 127 Y 134|2025-12-01 00:00:00|107|6|Lunes a Sabado|0|ACTIVO|-74.0687540841421|4.7185410708141475
PromoAmbiental (ASE01)|2|Cll 62 Kr 1 a 3|2025-12-01 00:00:00|0201|3|Lunes - Jueves|0.00000000000|Mitigado|-74.05499488530569|4.644203534665451
PromoAmbiental (ASE01)|3|Cll 33 Kr 1|2025-12-01 00:00:00|0317|5|Miercoles - Sabado|0.00000000000|Mitigado|-74.06214617550557|4.617547090525875
PromoAmbiental (ASE01)|3|Cll 6 Kr 9|2025-12-01 00:00:00|0318|5|Miercoles - Sabado|0.00000000000|Mitigado|-74.08105291426057|4.595364081986816
PromoAmbiental (ASE01)|4|Carrera 8 # 13-51 Sur|2025-12-01 00:00:00|0419|3|Lunes - Jueves|0.00000000000|Mitigado|-74.08944868001254|4.579454704471061
PromoAmbiental (ASE01)|4|Carrera 6  calle 1|2025-12-01 00:00:00|0423|3|Lunes - Jueves|0.00000000000|Mitigado|-74.0810624084034|4.586045621708138
PromoAmbiental (ASE01)|3|Carrera 13 con calle 21|2025-12-01 00:00:00|0325|5|Miercoles - Sabado|0.00000000000|Intervenido|-74.07418116033227|4.609324311168052
PromoAmbiental (ASE01)|4|Carrera 4 Este Calle 36 H Sur|2025-12-01 00:00:00|0427|3|Lunes - Jueves|0.00000000000|Mitigado|-74.09094290449138|4.555785179542454
PromoAmbiental (ASE01)|4|Calle 56 Sur con Transversal 15 Este|2025-12-01 00:00:00|0410|3|Lunes - Jueves|0.00000000000|Mitigado|-74.08519110148808|4.5323909766622705
PromoAmbiental (ASE01)|4|Carrera 11 Este Calle 62 Sur|2025-12-01 00:00:00|0411|3|Lunes - Jueves|0.00000000000|Mitigado|-74.09066950879077|4.529850437747541
PromoAmbiental (ASE01)|4|Calle 57 A Sur Con Carrera 15 Este|2025-12-01 00:00:00|0412|3|Lunes - Jueves|0.00000000000|Erradicado|-74.08674267483451|4.531615617167063
PromoAmbiental (ASE01)|4|Calle 41 sur con carrera 1a|2025-12-01 00:00:00|0413|3|Lunes - Jueves|0.00000000000|Mitigado|-74.09838549049795|4.551708130026213
PromoAmbiental (ASE01)|4|Calle 41a sur con carrera 1a|2025-12-01 00:00:00|0414|3|Lunes - Jueves|0.00000000000|Erradicado|-74.09920731166807|4.551051158184464
PromoAmbiental (ASE01)|4|Calle 41b sur con carrera 1a|2025-12-01 00:00:00|0415|3|Lunes - Jueves|0.00000000000|Mitigado|-74.09953106850395|4.550560709309309
PromoAmbiental (ASE01)|4|Calle 71 Sur con transversal 14 Este|2025-12-01 00:00:00|0416|3|Lunes - Jueves|0.00000000000|Mitigado|-74.08941014766015|4.521220244818494
PromoAmbiental (ASE01)|4|Calle 37 sur con carrera 2d|2025-12-01 00:00:00|0417|3|Lunes - Jueves|0.00000000000|Mitigado|-74.09812455850152|4.557628541524025
PromoAmbiental (ASE01)|4|Calle 44 Sur con Carrera 11|2025-12-01 00:00:00|0418|3|Lunes - Jueves|0.00000000000|Mitigado|-74.0883708758152|4.54390760215415
PromoAmbiental (ASE01)|4|Calle 1 a sur Carrera 6|2025-12-01 00:00:00|0420|3|Lunes - Jueves|0.00000000000|Mitigado|-74.08190348945442|4.584401520713641
PromoAmbiental (ASE01)|4|Calle 37 A Sur # 2N - 09|2025-12-01 00:00:00|0432|3|Lunes - Jueves|0.00000000000|Mitigado|-74.09698350588405|4.555022695640957
PromoAmbiental (ASE01)|5|Carrera 7 con calle 108 sur|2025-12-01 00:00:00|0501|4|Martes - Viernes|0.00000000000|Mitigado|-74.11603418652845|4.492549692514331
PromoAmbiental (ASE01)|5|Calle 76 sur con carrera 14A|2025-12-01 00:00:00|0502|4|Martes - Viernes|0.00000000000|Mitigado|-74.11697509592392|4.513162378640914
PromoAmbiental (ASE01)|5|Calle 90 sur carrera 8|2025-12-01 00:00:00|0503|4|Martes - Viernes|0.00000000000|Mitigado|-74.11120493326104|4.504834124095623
PromoAmbiental (ASE01)|5|Diagonal 57A con transversal 3B|2025-12-01 00:00:00|0505|4|Martes - Viernes|0.00000000000|Mitigado|-74.11560558133249|4.537495944082593
PromoAmbiental (ASE01)|5|Carrera 14A con calle 70 bis Sur- Calle 69 F Sur|2025-12-01 00:00:00|0506|4|Martes - Viernes|0.00000000000|Mitigado|-74.11842499281914|4.5218950834913585
PromoAmbiental (ASE01)|5|Cll 81 Sur Kr 6|2025-12-01 00:00:00|0587|4|Martes - Viernes|0.00000000000|Mitigado|-74.10878921574965|4.5091435692203845
PromoAmbiental (ASE01)|4|Carrera 11 Este Calle 42 A Sur|2025-12-01 00:00:00|0402|3|Lunes - Jueves|0.00000000000|Mitigado|-74.08721625782402|4.54628559850164
PromoAmbiental (ASE01)|5|Avenida Caracas con calle 93B Sur|2025-12-01 00:00:00|0511|4|Martes - Viernes|0.00000000000|Mitigado|-74.11567713948835|4.503163084808591
PromoAmbiental (ASE01)|5|Cll 74 b Bis Sur Kr 14 u|2025-12-01 00:00:00|0512|4|Martes - Viernes|0.00000000000|Mitigado|-74.11718693932573|4.515356915089626
PromoAmbiental (ASE01)|5|Cll 72 Sur  Kr 14 L|2025-12-01 00:00:00|0513|4|Martes - Viernes|0.00000000000|Mitigado|-74.12047495065843|4.5191956631493895
PromoAmbiental (ASE01)|5|Kr  14 f Cll 136 sur|2025-12-01 00:00:00|0594|4|Martes - Viernes|0.00000000000|Mitigado|-74.1239801518625|4.47594361020947
PromoAmbiental (ASE01)|4|Calle 54A Bis sur con carrera 5 Este|2025-12-01 00:00:00|0435|3|Lunes - Jueves|0.00000000000|Mitigado|-74.09396079905162|4.5366889734174265
PromoAmbiental (ASE01)|4|Calle 41 Sur Carrera 13B Este|2025-12-01 00:00:00|0421|3|Lunes - Jueves|0.00000000000|Mitigado|-74.08345145651947|4.546578639892346
PromoAmbiental (ASE01)|4|Calle 41 Sur Carrera 16 Este|2025-12-01 00:00:00|0422|3|Lunes - Jueves|0.00000000000|Mitigado|-74.08101250951967|4.5466262293170985
PromoAmbiental (ASE01)|4|Carrera 10 Calle 1C Sur|2025-12-01 00:00:00|0424|3|Lunes - Jueves|0.00000000000|Mitigado|-74.08620491802253|4.5871590948164
PromoAmbiental (ASE01)|4|Transversal 2  B Este Calle 19 Sur|2025-12-01 00:00:00|0426|3|Lunes - Jueves|0.00000000000|Mitigado|-74.08546339102264|4.571510136683514
PromoAmbiental (ASE01)|4|Avenida Los Cerros Calle 37 Sur|2025-12-01 00:00:00|0428|3|Lunes - Jueves|0.00000000000|Mitigado|-74.08362212446144|4.550159233062232
PromoAmbiental (ASE01)|4|Diagonal 36 K Bis Sur Carrera 9a Este|2025-12-01 00:00:00|0429|3|Lunes - Jueves|0.00000000000|Mitigado|-74.08617266833392|4.551643541616215
PromoAmbiental (ASE01)|4|Carrera 8 C este con calle 36 L sur|2025-12-01 00:00:00|0430|3|Lunes - Jueves|0.00000000000|Mitigado|-74.08708519242765|4.551902901597657
PromoAmbiental (ASE01)|4|Calle 26 Sur con carrera 9|2025-12-01 00:00:00|0431|3|Lunes - Jueves|0.00000000000|Mitigado|-74.09667983180873|4.572059932719753
PromoAmbiental (ASE01)|17|calle 9 carrera 4 este|2025-12-01 00:00:00|1703|5|Miercoles - Sabado|0.00000000000|Mitigado|-74.06947391089221|4.59126807206394
PromoAmbiental (ASE01)|1|Calle 161 con carrera 8|2025-12-01 00:00:00|0102|4|Martes - Viernes|0.00000000000|Mitigado|-74.02738579561793|4.737000698723307
PromoAmbiental (ASE01)|1|Kr 15  Cll 163|2025-12-01 00:00:00|0107|4|Martes - Viernes|0.00000000000|Mitigado|-74.0369221319508|4.745055135785947
PromoAmbiental (ASE01)|1|Carrera 9 con calle 180 a 183|2025-12-01 00:00:00|0108|4|Martes - Viernes|0.00000000000|Mitigado|-74.03146751891086|4.7564659344553775
PromoAmbiental (ASE01)|1|Carrera 8c con calle 160|2025-12-01 00:00:00|0112|4|Martes - Viernes|0.00000000000|Erradicado|-74.02922729420425|4.736290810772346
PromoAmbiental (ASE01)|1|Kr 18 Cll 164|2025-12-01 00:00:00|0114|4|Martes - Viernes|0.00000000000|Erradicado|-74.0411784199481|4.743984670955854
PromoAmbiental (ASE01)|1|Carrera 4 (Ambos costados) con Calle 189 B|2025-12-01 00:00:00|0118|4|Martes - Viernes|0.00000000000|Mitigado|-74.02413219954133|4.766234543189682
PromoAmbiental (ASE01)|1|Carrera 5d con calle 188c|2025-12-01 00:00:00|0120|4|Martes - Viernes|0.00000000000|Erradicado|-74.02624736632288|4.765522814326459
PromoAmbiental (ASE01)|1|Calle 163a con autopista norte|2025-12-01 00:00:00|0121|4|Martes - Viernes|0.00000000000|Erradicado|-74.0471818946287|4.744303578647305
PromoAmbiental (ASE01)|2|Av caracas Cll 60 a bis|2025-12-01 00:00:00|0203|3|Lunes - Jueves|0.00000000000|Mitigado|-74.06485567275104|4.647765948939423
PromoAmbiental (ASE01)|2|Calle 64 carrera 11|2025-12-01 00:00:00|0204|3|Lunes - Jueves|0.00000000000|Erradicado|-74.06260876608167|4.650301301463912
PromoAmbiental (ASE01)|2|Calle 65 b con carrera 1|2025-12-01 00:00:00|0209|3|Lunes - Jueves|0.00000000000|Mitigado|-74.05375253125425|4.646998623987372
PromoAmbiental (ASE01)|2|Avenida Caracas con calle 40 c|2025-12-01 00:00:00|0211|3|Lunes - Jueves|0.00000000000|Mitigado|-74.06814838394075|4.628938159868255
PromoAmbiental (ASE01)|2|Calle 77 con Autopista Norte|2025-12-01 00:00:00|0214|3|Lunes - Jueves|0.00000000000|Mitigado|-74.0605954142469|4.6647641194686
PromoAmbiental (ASE01)|2|Carrera 13A con Calle 97|2025-12-01 00:00:00|0216|3|Lunes - Jueves|0.00000000000|Mitigado|-74.0477433593685|4.681641172901834
PromoAmbiental (ASE01)|3|Carrera 10 entre las calles 4 y 5|2025-12-01 00:00:00|0304|5|Miercoles - Sabado|0.00000000000|Mitigado|-74.08150336129103|4.594095037855766
PromoAmbiental (ASE01)|3|Carrera 9 con Avenida Comuneros|2025-12-01 00:00:00|0305|5|Miercoles - Sabado|0.00000000000|Mitigado|-74.08109750084895|4.592958158991905
PromoAmbiental (ASE01)|3|Carrera 6 con calle 1d|2025-12-01 00:00:00|0307|5|Miercoles - Sabado|0.00000000000|Mitigado|-74.0799177791821|4.588099696643724
PromoAmbiental (ASE01)|3|Carrera 4 # 2B - 27|2025-12-01 00:00:00|0308|5|Miercoles - Sabado|0.00000000000|Mitigado|-74.07710611535492|4.588937208285586
PromoAmbiental (ASE01)|3|Calle 2A # 4 - 31|2025-12-01 00:00:00|0309|5|Miercoles - Sabado|0.00000000000|Mitigado|-74.07766075963633|4.588310362832999
PromoAmbiental (ASE01)|3|Calle 2A con carrera 2|2025-12-01 00:00:00|0310|5|Miercoles - Sabado|0.00000000000|Mitigado|-74.07549663556125|4.587071148314919
PromoAmbiental (ASE01)|3|Carrera 3 Este # 2D - 94|2025-12-01 00:00:00|0312|5|Miercoles - Sabado|0.00000000000|Mitigado|-74.07116172703206|4.587944857669072
PromoAmbiental (ASE01)|3|Jimenez con Carrera 11 La Capuchina|2025-12-01 00:00:00|0323|5|Miercoles - Sabado|0.00000000000|Mitigado|-74.07790195960769|4.602237957415866
PromoAmbiental (ASE01)|3|Calle 2 B con carrera 6|2025-12-01 00:00:00|0326|5|Miercoles - Sabado|0.00000000000|Mitigado|-74.07891485973295|4.589816696683272
PromoAmbiental (ASE01)|3|Carrera 12 con calle 23|2025-12-01 00:00:00|0327|5|Miercoles - Sabado|0.00000000000|Mitigado|-74.07243832366964|4.610121243600588
PromoAmbiental (ASE01)|4|Calle 43 sur con carrera 3C Este|2025-12-01 00:00:00|0401|3|Lunes - Jueves|0.00000000000|Mitigado|-74.09384119911203|4.548042260442003
PromoAmbiental (ASE01)|4|Calle 42A sur con carrera 10 bis Este|2025-12-01 00:00:00|0434|3|Lunes - Jueves|0.00000000000|Mitigado|-74.08805834971304|4.546412215851149
PromoAmbiental (ASE01)|4|Diagonal 36 G Sur  con carrera 2b|2025-12-01 00:00:00|0403|3|Lunes - Jueves|0.00000000000|Mitigado|-74.09680751665354|4.559778982414173
PromoAmbiental (ASE01)|4|Calle 37 B Sur  Carrera 1a|2025-12-01 00:00:00|0404|3|Lunes - Jueves|0.00000000000|Mitigado|-74.0965018802575|4.55380337232782
PromoAmbiental (ASE01)|4|Calle 39c sur con carrera 2 d bis|2025-12-01 00:00:00|0405|3|Lunes - Jueves|0.00000000000|Mitigado|-74.09974419973497|4.55506979583447
PromoAmbiental (ASE01)|4|Calle 40a sur con carrera 1b|2025-12-01 00:00:00|0406|3|Lunes - Jueves|0.00000000000|Mitigado|-74.09819353380448|4.552594268910411
PromoAmbiental (ASE01)|4|Calle 38 sur con carrera 2|2025-12-01 00:00:00|0407|3|Lunes - Jueves|0.00000000000|Mitigado|-74.09790308425988|4.554725546147097
PromoAmbiental (ASE01)|4|Calle 37b sur Transversal 1 F Este|2025-12-01 00:00:00|0408|3|Lunes - Jueves|0.00000000000|Mitigado|-74.0972551721884|4.554977308655907
PromoAmbiental (ASE01)|4|Calle 57 sur con transversal 14B Este|2025-12-01 00:00:00|0409|3|Lunes - Jueves|0.00000000000|Mitigado|-74.0867512678567|4.53256698927521
PromoAmbiental (ASE01)|1|Carrera 9 con calle 163a|2025-12-01 00:00:00|0103|3|Lunes - Jueves|0.00000000000|Mitigado|-74.03203367721238|4.740623997099817
PromoAmbiental (ASE01)|2|Carrera 13 con calle 46|2025-12-01 00:00:00|0210|3|Lunes - Jueves|0.00000000000|Mitigado|-74.06625701345035|4.633211326341666
PromoAmbiental (ASE01)|3|Carrera 11 con calle 5|2025-12-01 00:00:00|0303|5|Miercoles - Sabado|0.00000000000|Mitigado|-74.08252262052247|4.594779942640287
PromoAmbiental (ASE01)|3|Kr 13 Cll 26|2025-12-01 00:00:00|0321|5|Miercoles - Sabado|0.00000000000|Mitigado|-74.07138373547099|4.613008348856283
PromoAmbiental (ASE01)|1|Carrera 7 con Calle 187 B - costado oriental|2025-12-01 00:00:00|0109|3|Lunes - Jueves|0.00000000000|Mitigado|-74.027477496789|4.763831033075746
PromoAmbiental (ASE01)|1|Autopista norte con calle 170|2025-12-01 00:00:00|0116|3|Lunes - Jueves|0.00000000000|Mitigado|-74.04639694476316|4.751580842282067
PromoAmbiental (ASE01)|1|Calle 162 con carrera 7|2025-12-01 00:00:00|0119|3|Lunes - Jueves|0.00000000000|Erradicado|-74.02352530914567|4.7369602247346165
PromoAmbiental (ASE01)|3|Calle 1A Este con carrera 1C|2025-12-01 00:00:00|0311|5|Miercoles - Sabado|0.00000000000|Mitigado|-74.0779415648513|4.580760403170132
PromoAmbiental (ASE01)|3|Carrera 8 con Avenida Comuneros|2025-12-01 00:00:00|0306|5|Miercoles - Sabado|0.00000000000|Erradicado|-74.08059805695473|4.591445558665669
PromoAmbiental (ASE01)|1|Carrera 7a con calle 153 bis|2025-12-01 00:00:00|0101|3|Lunes - Jueves|0.00000000000|Erradicado|-74.02418978043397|4.728656990227989
PromoAmbiental (ASE01)|1|Carrera 8f con calle 161|2025-12-01 00:00:00|0104|3|Lunes - Jueves|0.00000000000|Erradicado|-74.03000726002699|4.737743890368279
PromoAmbiental (ASE01)|1|Calle 156b con carrera 8|2025-12-01 00:00:00|0105|3|Lunes - Jueves|0.00000000000|Erradicado|-74.02827583036526|4.733707129580409
PromoAmbiental (ASE01)|1|Carrera 6a con calle 162a|2025-12-01 00:00:00|0106|3|Lunes - Jueves|0.00000000000|Erradicado|-74.02279586004084|4.737057380293891
PromoAmbiental (ASE01)|1|Autopista norte con calle 153|2025-12-01 00:00:00|0110|3|Lunes - Jueves|0.00000000000|Erradicado|-74.04818630965042|4.738600709555158
PromoAmbiental (ASE01)|1|Carrera 17 con calle 184|2025-12-01 00:00:00|0111|3|Lunes - Jueves|0.00000000000|Erradicado|-74.03832289978197|4.761180599704971
PromoAmbiental (ASE01)|1|Calle 163d con carrera 6b|2025-12-01 00:00:00|0113|3|Lunes - Jueves|0.00000000000|Erradicado|-74.02203234012035|4.738415719909597
PromoAmbiental (ASE01)|1|Carrera 9 con calle 116|2025-12-01 00:00:00|0115|3|Lunes - Jueves|0.00000000000|Erradicado|-74.03443983043377|4.694178869759071
PromoAmbiental (ASE01)|1|Calle 168 con carrera 8g|2025-12-01 00:00:00|0117|3|Lunes - Jueves|0.00000000000|Erradicado|-74.02954998984012|4.745864659626363
PromoAmbiental (ASE01)|1|Autopista Norte con Calle 235|2025-12-01 00:00:00|0122|4|Martes - Viernes|0.00000000000|Erradicado|-74.0364768002641|4.809274269791786
PromoAmbiental (ASE01)|2|Kr 1 A Cll 65|2025-12-01 00:00:00|0202|3|Lunes - Jueves|0.00000000000|Erradicado|-74.05513699977269|4.6465372097244995
PromoAmbiental (ASE01)|2|Calle 92 con autopista norte|2025-12-01 00:00:00|0205|3|Lunes - Jueves|0.00000000000|Erradicado|-74.05810455028472|4.6787923400944464
PromoAmbiental (ASE01)|2|Caracas con calle 62|2025-12-01 00:00:00|0206|3|Lunes - Jueves|0.00000000000|Erradicado|-74.0645686999855|4.649058030104072
PromoAmbiental (ASE01)|2|Calle 62 con carrera 9 a|2025-12-01 00:00:00|0207|3|Lunes - Jueves|0.00000000000|Erradicado|-74.06215393035956|4.648277569654169
PromoAmbiental (ASE01)|2|Tv 4 a bis este # 61 - 53|2025-12-01 00:00:00|0208|3|Lunes - Jueves|0.00000000000|Erradicado|-74.05346059962693|4.641942819805365
PromoAmbiental (ASE01)|2|Kr 1 Calle 45 B BIS|2025-12-01 00:00:00|0212|3|Lunes - Jueves|0.00000000000|Erradicado|-74.06032757006125|4.631393139981469
PromoAmbiental (ASE01)|2|Calle 100 b con carrera 4 este|2025-12-01 00:00:00|0213|3|Lunes - Jueves|0.00000000000|Erradicado|-74.02203693026007|4.6726812300547635
PromoAmbiental (ASE01)|2|Avenida Calle 57 con Carrera 9|2025-12-01 00:00:00|0215|3|Lunes - Jueves|0.00000000000|Erradicado|-74.06364614035704|4.643765859806649
PromoAmbiental (ASE01)|3|Calle 6 con carrera 5A Este|2025-12-01 00:00:00|0301|5|Miercoles - Sabado|0.00000000000|Erradicado|-74.06868442034965|4.589517850168704
PromoAmbiental (ASE01)|3|Carrera 13 con calle 5|2025-12-01 00:00:00|0302|5|Miercoles - Sabado|0.00000000000|Erradicado|-74.08417473987231|4.5957633998610845
PromoAmbiental (ASE01)|3|Calle 6D # 4 - 01 Este|2025-12-01 00:00:00|0313|5|Miercoles - Sabado|0.00000000000|Erradicado|-74.07033467000895|4.590407320141765
PromoAmbiental (ASE01)|3|Carrera 8 Este con calle 3 Sur|2025-12-01 00:00:00|0314|5|Miercoles - Sabado|0.00000000000|Erradicado|-74.0749639404282|4.577617253374958
PromoAmbiental (ASE01)|3|Calle 25 entre Avenida Caracas y carrera 13A|2025-12-01 00:00:00|0315|5|Miercoles - Sabado|0.00000000000|Erradicado|-74.0736069998631|4.613303920039925
PromoAmbiental (ASE01)|3|Kr 13 A Cll 2|2025-12-01 00:00:00|0316|5|Miercoles - Sabado|0.00000000000|Erradicado|-74.08678870033822|4.593356330230506
PromoAmbiental (ASE01)|3|Dg 30 a Kr 5|2025-12-01 00:00:00|0319|5|Miercoles - Sabado|0.00000000000|Erradicado|-74.06625089985909|4.616953100005617
PromoAmbiental (ASE01)|3|Kr 5 Cll 32|2025-12-01 00:00:00|0320|5|Miercoles - Sabado|0.00000000000|Erradicado|-74.06599539976787|4.6176519802547205
PromoAmbiental (ASE01)|3|AV circunvalar Cll 32|2025-12-01 00:00:00|0322|5|Miercoles - Sabado|0.00000000000|Erradicado|-74.06254915002324|4.616699469604896
PromoAmbiental (ASE01)|3|Avenida caracas con calle 10|2025-12-01 00:00:00|0324|5|Miercoles - Sabado|0.00000000000|Erradicado|-74.08153350027078|4.601137500195534
PromoAmbiental (ASE01)|4|Calle 43 sur Carrera 3 C Este|2025-12-01 00:00:00|0425|5|Miercoles - Sabado|0.00000000000|Erradicado|-74.09381659995609|4.5479636102325
PromoAmbiental (ASE01)|4|Carrera 11 Este Calle 43 A Sur|2025-12-01 00:00:00|0433|5|Miercoles - Sabado|0.00000000000|Erradicado|-74.08799518043321|4.544550100306935
PromoAmbiental (ASE01)|5|Calle 76 B Sur con carrera 14 F|2025-12-01 00:00:00|0507|4|Martes - Viernes|0.00000000000|Erradicado|-74.11802490962185|4.512139600362332
PromoAmbiental (ASE01)|5|Calle 78 Sur con Avenida Caracas|2025-12-01 00:00:00|0508|4|Martes - Viernes|0.00000000000|Erradicado|-74.11472629977885|4.510408159908707
PromoAmbiental (ASE01)|5|Calle 75C Bis Sur carrera 8 A Bis|2025-12-01 00:00:00|0509|4|Martes - Viernes|0.00000000000|Erradicado|-74.11049960037622|4.513334380277456
PromoAmbiental (ASE01)|5|Calle 76B Sur con carrera 14B|2025-12-01 00:00:00|0510|4|Martes - Viernes|0.00000000000|Erradicado|-74.11675203977478|4.511740230327405
PromoAmbiental (ASE01)|17|Calle 10 Con Carrera 4 Este|2025-12-01 00:00:00|1701|3|Lunes - Jueves|0.00000000000|Erradicado|-74.06908197015673|4.593427009748723
PromoAmbiental (ASE01)|17|Avenida Jimenez Carrera 6|2025-12-01 00:00:00|1702|3|Lunes - Jueves|0.00000000000|Erradicado|-74.07255730127838|4.600906091143258
PromoAmbiental (ASE01)|17|Carrera 4 con calle 6B|2025-12-01 00:00:00|1704|3|Lunes - Jueves|0.00000000000|Erradicado|-74.07579491999951|4.591307900339359